Code,Region,Name,A&E attendances - Type 1 Departments - Major A&E,Type 2 Departments - Single Specialty,Type 2 Departments - Single Specialty,Type 2 Departments - Single Specialty,Type 3 Departments - Other A&E/Minor Injury Unit,Type 3 Departments - Other A&E/Minor Injury Unit,Type 3 Departments - Other A&E/Minor Injury Unit,Total attendances,"A&E attendances less than 4 hours from arrival to admission, transfer or discharge - Type 1 Departments - Major A&E",Type 2 Departments - Single Specialty,Type 2 Departments - Single Specialty,Type 2 Departments - Single Specialty,Type 3 Departments - Other A&E/Minor Injury Unit,Type 3 Departments - Other A&E/Minor Injury Unit,Type 3 Departments - Other A&E/Minor Injury Unit,Total Attendances < 4 hours,"A&E attendances greater than 4 hours from arrival to admission, transfer or discharge - Type 1 Departments - Major A&E",Type 2 Departments - Single Specialty,Type 2 Departments - Single Specialty,Type 2 Departments - Single Specialty,Type 3 Departments - Other A&E/Minor Injury Unit,Type 3 Departments - Other A&E/Minor Injury Unit,Type 3 Departments - Other A&E/Minor Injury Unit,Total Attendances > 4 hours,Percentage of attendances within 4 hours - Percentage in 4 hours or less (all),Percentage in 4 hours or less (type 1),Percentage in 4 hours or less (type 2),Percentage in 4 hours or less (type 3),Emergency Admissions - Emergency Admissions via Type 1 A&E,Emergency Admissions via Type 2 A&E,Emergency Admissions via Type 3 and 4 A&E,Total Emergency Admissions via A&E,Other Emergency admissions (i.e not via A&E),Total Emergency Admissions,Number of patients spending >4 hours from decision to admit to admission,Number of patients spending >12 hours from decision to admit to admission
-,-,England,4210906,154336,147839,6497,2503776,2435648,68128,6869018,2540516,154336,147839,6497,2503776,2435648,68128,5124003,1670390,154336,147839,6497,2503776,2435648,68128,1745015,0.7459585926256126,0.6033181457862037,0.9579035351441012,0.9727898981378525,1153565,4103,16209,1173877,419166,1593043,417249,172831
RC9,NHS England East Of England ,Bedfordshire Hospitals NHS Foundation Trust,50324,0,0,0,28381,28381,0,78705,32780,0,0,0,28381,28381,0,61161,17544,0,0,0,28381,28381,0,17544,0.7770916714312941,0.651379063667435,-,1,15845,0,0,15845,7245,23090,414,172
RGT,NHS England East Of England ,Cambridge University Hospitals NHS Foundation Trust,34159,0,0,0,16353,16016,337,50512,19111,0,0,0,16353,16016,337,35127,15048,0,0,0,16353,16016,337,15385,0.6954189103579348,0.55947188149536,-,0.9793921604598544,8597,0,95,8692,1258,9950,3267,1691
RWH,NHS England East Of England ,East And North Hertfordshire NHS Trust,27518,0,0,0,24885,24637,248,52403,12460,0,0,0,24885,24637,248,37097,15058,0,0,0,24885,24637,248,15306,0.7079174856401351,0.4527945344865179,-,0.9900341571227648,6818,0,9,6827,775,7602,2112,608
RDE,NHS England East Of England ,East Suffolk And North Essex NHS Foundation Trust,33011,0,0,0,38588,35798,2790,71599,18382,0,0,0,38588,35798,2790,54180,14629,0,0,0,38588,35798,2790,17419,0.7567144792525036,0.5568446881342582,-,0.9276977298642065,14684,0,1,14685,840,15525,4176,1851
RY4,NHS England East Of England ,Hertfordshire Community NHS Trust,0,0,0,0,3284,3229,55,3284,0,0,0,0,3284,3229,55,3229,0,0,0,0,3284,3229,55,55,0.9832521315468941,-,-,0.9832521315468941,0,0,0,0,0,0,0,0
DT301,NHS England East Of England ,Herts Urgent Care (Ascots Lane),0,0,0,0,5877,5620,257,5877,0,0,0,0,5877,5620,257,5620,0,0,0,0,5877,5620,257,257,0.9562702058873574,-,-,0.9562702058873574,0,0,0,0,0,0,0,0
RGP,NHS England East Of England ,James Paget University Hospitals NHS Foundation Trust,21699,0,0,0,4921,4921,0,26620,14169,0,0,0,4921,4921,0,19090,7530,0,0,0,4921,4921,0,7530,0.717129977460556,0.652979399972349,-,1,4757,0,0,4757,1444,6201,2755,1202
RAJ,NHS England East Of England ,Mid And South Essex NHS Foundation Trust,79070,0,0,0,23184,22081,1103,102254,45648,0,0,0,23184,22081,1103,67729,33422,0,0,0,23184,22081,1103,34525,0.6623603966592994,0.5773112432022258,-,0.9524240855762595,25043,0,351,25394,3489,28883,10098,2928
RD8,NHS England East Of England ,Milton Keynes University Hospital NHS Foundation Trust,26137,0,0,0,17124,16741,383,43261,14571,0,0,0,17124,16741,383,31312,11566,0,0,0,17124,16741,383,11949,0.723792792584545,0.5574855568733978,-,0.9776337304368138,6980,0,0,6980,1304,8284,2145,0
RM1,NHS England East Of England ,Norfolk And Norwich University Hospitals NHS Foundation Trust,37499,0,0,0,22372,22356,16,59871,25996,0,0,0,22372,22356,16,48352,11503,0,0,0,22372,22356,16,11519,0.8076030131449282,0.6932451532040854,-,0.9992848203111032,6607,0,0,6607,4570,11177,3129,1226
RGN,NHS England East Of England ,North West Anglia NHS Foundation Trust,46449,0,0,0,15217,14677,540,61666,27917,0,0,0,15217,14677,540,42594,18532,0,0,0,15217,14677,540,19072,0.6907209807673597,0.6010247798660897,-,0.9645133732010251,11579,0,118,11697,4201,15898,4380,2922
Y02428,NHS England East Of England ,Putnoe Medical Centre Walk In Centre,0,0,0,0,8449,8449,0,8449,0,0,0,0,8449,8449,0,8449,0,0,0,0,8449,8449,0,0,1,-,-,1,0,0,0,0,0,0,0,0
RQW,NHS England East Of England ,The Princess Alexandra Hospital NHS Trust,25755,0,0,0,8106,8106,0,33861,19068,0,0,0,8106,8106,0,27174,6687,0,0,0,8106,8106,0,6687,0.802516169044033,0.7403610949330227,-,1,5581,0,6,5587,997,6584,2295,785
RCX,NHS England East Of England ,"The Queen Elizabeth Hospital, King's Lynn, NHS Foundation Trust",19768,0,0,0,5594,5594,0,25362,10971,0,0,0,5594,5594,0,16565,8797,0,0,0,5594,5594,0,8797,0.6531424966485293,0.5549878591663294,-,1,5637,0,0,5637,1183,6820,1939,468
RWG,NHS England East Of England ,West Hertfordshire Teaching Hospitals NHS Trust,25370,0,0,0,24551,24228,323,49921,18600,0,0,0,24551,24228,323,42828,6770,0,0,0,24551,24228,323,7093,0.8579155065002704,0.7331493890421757,-,0.9868437130870433,13849,0,0,13849,2092,15941,2131,76
RGR,NHS England East Of England ,West Suffolk NHS Foundation Trust,23227,0,0,0,2849,2849,0,26076,15835,0,0,0,2849,2849,0,18684,7392,0,0,0,2849,2849,0,7392,0.7165209387942936,0.6817496878632626,-,1,5733,0,0,5733,804,6537,2868,1497
G0Q0L,NHS England London,Barking Hospital Utc,0,0,0,0,8285,8240,45,8285,0,0,0,0,8285,8240,45,8240,0,0,0,0,8285,8240,45,45,0.9945684972842487,-,-,0.9945684972842487,0,0,0,0,0,0,0,0
RF4,NHS England London,"Barking, Havering And Redbridge University Hospitals NHS Trust",40147,7163,5826,1337,42098,41536,562,89408,22059,7163,5826,1337,42098,41536,562,69421,18088,7163,5826,1337,42098,41536,562,19987,0.7764517716535433,0.5494557501183152,0.8133463632556192,0.9866501971590099,10680,0,0,10680,5907,16587,4310,2597
R1H,NHS England London,Barts Health NHS Trust,76263,2508,2490,18,52242,49367,2875,131013,44283,2508,2490,18,52242,49367,2875,96140,31980,2508,2490,18,52242,49367,2875,34873,0.7338203079083755,0.5806616576845914,0.992822966507177,0.9449676505493664,12755,2,121,12878,4012,16890,6811,3830
AD913,NHS England London,Beckenham Beacon Ucc,0,0,0,0,10741,10707,34,10741,0,0,0,0,10741,10707,34,10707,0,0,0,0,10741,10707,34,34,0.9968345591658132,-,-,0.9968345591658132,0,0,0,0,0,0,0,0
RYX,NHS England London,Central London Community Healthcare NHS Trust,0,0,0,0,36718,36140,578,36718,0,0,0,0,36718,36140,578,36140,0,0,0,0,36718,36140,578,578,0.9842584018737404,-,-,0.9842584018737404,0,0,0,0,0,0,0,0
RQM,NHS England London,Chelsea And Westminster Hospital NHS Foundation Trust,61005,0,0,0,19213,18472,741,80218,44315,0,0,0,19213,18472,741,62787,16690,0,0,0,19213,18472,741,17431,0.7827046298835673,0.7264158675518401,-,0.9614323635038776,8457,0,0,8457,1165,9622,3168,142
RJ6,NHS England London,Croydon Health Services NHS Trust,39171,0,0,0,14887,14887,0,54058,25465,0,0,0,14887,14887,0,40352,13706,0,0,0,14887,14887,0,13706,0.7464575086018721,0.6500982869980343,-,1,3316,0,0,3316,432,3748,2907,2177
RVR,NHS England London,Epsom And St Helier University Hospitals NHS Trust,33269,0,0,0,6317,5813,504,39586,23485,0,0,0,6317,5813,504,29298,9784,0,0,0,6317,5813,504,10288,0.7401101399484666,0.7059124109531396,-,0.9202152920690201,6135,0,0,6135,344,6479,4121,2409
RJ1,NHS England London,Guy's And St Thomas' NHS Foundation Trust,30643,0,0,0,19764,19238,526,50407,18772,0,0,0,19764,19238,526,38010,11871,0,0,0,19764,19238,526,12397,0.7540619358422441,0.6126032046470646,-,0.9733859542602712,6155,0,0,6155,773,6928,626,195
K6K0R,NHS England London,Harold Wood Polyclinic Utc,0,0,0,0,8388,8343,45,8388,0,0,0,0,8388,8343,45,8343,0,0,0,0,8388,8343,45,45,0.9946351931330472,-,-,0.9946351931330472,0,0,0,0,0,0,0,0
RQX,NHS England London,Homerton Healthcare NHS Foundation Trust,32958,0,0,0,0,0,0,32958,27169,0,0,0,0,0,0,27169,5789,0,0,0,0,0,0,5789,0.8243522058377328,0.8243522058377328,-,-,5645,0,0,5645,1063,6708,773,77
RYJ,NHS England London,Imperial College Healthcare NHS Trust,36126,10891,10730,161,21490,20685,805,68507,21740,10891,10730,161,21490,20685,805,53155,14386,10891,10730,161,21490,20685,805,15352,0.7759061117841972,0.6017826496152355,0.9852171517766963,0.9625407166123778,10368,3,0,10371,3508,13879,1638,0
RJZ,NHS England London,King's College Hospital NHS Foundation Trust,47037,0,0,0,28630,26386,2244,75667,26149,0,0,0,28630,26386,2244,52535,20888,0,0,0,28630,26386,2244,23132,0.6942920956295346,0.5559240597827242,-,0.9216206776108976,10505,0,0,10505,1005,11510,7095,2639
RAX,NHS England London,Kingston And Richmond  NHS Foundation Trust,20948,0,0,0,23716,22804,912,44664,10108,0,0,0,23716,22804,912,32912,10840,0,0,0,23716,22804,912,11752,0.7368798137202222,0.4825281649799504,-,0.9615449485579356,7830,0,710,8540,2071,10611,2220,1444
RJ2,NHS England London,Lewisham And Greenwich NHS Trust,48100,0,0,0,51258,50259,999,99358,23287,0,0,0,51258,50259,999,73546,24813,0,0,0,51258,50259,999,25812,0.7402121620805572,0.4841372141372141,-,0.9805103593585391,11040,0,0,11040,1564,12604,5357,2133
R1K,NHS England London,London North West University Healthcare NHS Trust,39764,0,0,0,45232,44303,929,84996,21061,0,0,0,45232,44303,929,65364,18703,0,0,0,45232,44303,929,19632,0.7690244246788084,0.5296499346142239,-,0.9794614432260347,19224,0,0,19224,780,20004,3504,1558
RP6,NHS England London,Moorfields Eye Hospital NHS Foundation Trust,0,17377,16886,491,0,0,0,17377,0,17377,16886,491,0,0,0,16886,0,17377,16886,491,0,0,0,491,0.971744259653565,-,0.971744259653565,-,0,5,0,5,726,731,0,0
RAT,NHS England London,North East London NHS Foundation Trust,0,0,0,0,5124,4988,136,5124,0,0,0,0,5124,4988,136,4988,0,0,0,0,5124,4988,136,136,0.9734582357533177,-,-,0.9734582357533177,0,0,0,0,0,0,0,0
RAL,NHS England London,Royal Free London NHS Foundation Trust,79019,1438,1413,25,47078,44320,2758,127535,53445,1438,1413,25,47078,44320,2758,99178,25574,1438,1413,25,47078,44320,2758,28357,0.7776531932410711,0.6763563193662284,0.9826147426981919,0.9414163728280726,18681,5,349,19035,2479,21514,8636,6149
RAN,NHS England London,Royal National Orthopaedic Hospital NHS Trust,0,0,0,0,0,0,0,0,0,0,0,0,0,0,0,0,0,0,0,0,0,0,0,0,-,-,-,-,0,0,0,0,39,39,0,0
RJ7,NHS England London,St George's University Hospitals NHS Foundation Trust,26986,0,0,0,11748,11360,388,38734,18317,0,0,0,11748,11360,388,29677,8669,0,0,0,11748,11360,388,9057,0.766174420405845,0.6787593567034759,-,0.9669731018045625,5620,0,0,5620,1658,7278,2941,1616
RAS,NHS England London,The Hillingdon Hospitals NHS Foundation Trust,15436,0,0,0,19533,19402,131,34969,8480,0,0,0,19533,19402,131,27882,6956,0,0,0,19533,19402,131,7087,0.7973347822356944,0.5493651204975383,-,0.9932934009112784,5250,0,0,5250,204,5454,1601,66
Y03218,NHS England London,The Pinn Unregistered Wic,0,0,0,0,2771,2771,0,2771,0,0,0,0,2771,2771,0,2771,0,0,0,0,2771,2771,0,0,1,-,-,1,0,0,0,0,0,0,0,0
RRV,NHS England London,University College London Hospitals NHS Foundation Trust,40856,0,0,0,0,0,0,40856,30595,0,0,0,0,0,0,30595,10261,0,0,0,0,0,0,10261,0.7488496181711376,0.7488496181711376,-,-,4188,0,0,4188,944,5132,1754,670
RKE,NHS England London,Whittington Health NHS Trust,26734,0,0,0,0,0,0,26734,19276,0,0,0,0,0,0,19276,7458,0,0,0,0,0,0,7458,0.7210294007630732,0.7210294007630732,-,-,4105,0,0,4105,101,4206,1578,882
NL7,NHS England Midlands ,Assura Vertis Urgent Care Centres (Birmingham),0,0,0,0,9640,9640,0,9640,0,0,0,0,9640,9640,0,9640,0,0,0,0,9640,9640,0,0,1,-,-,1,0,0,0,0,0,0,0,0
8J094,NHS England Midlands ,Badger Ltd,0,0,0,0,6534,6534,0,6534,0,0,0,0,6534,6534,0,6534,0,0,0,0,6534,6534,0,0,1,-,-,1,0,0,0,0,0,0,0,0
RQ3,NHS England Midlands ,Birmingham Women's And Children's NHS Foundation Trust,14091,0,0,0,0,0,0,14091,10855,0,0,0,0,0,0,10855,3236,0,0,0,0,0,0,3236,0.7703498687105245,0.7703498687105245,-,-,1898,0,0,1898,595,2493,103,7
RFS,NHS England Midlands ,Chesterfield Royal Hospital NHS Foundation Trust,20594,0,0,0,17067,16891,176,37661,8864,0,0,0,17067,16891,176,25755,11730,0,0,0,17067,16891,176,11906,0.6838639441331882,0.4304166262018064,-,0.9896877014120818,6027,0,45,6072,460,6532,3092,1233
RYG,NHS England Midlands ,Coventry And Warwickshire Partnership NHS Trust,0,0,0,0,0,0,0,0,0,0,0,0,0,0,0,0,0,0,0,0,0,0,0,0,-,-,-,-,0,0,51,51,152,203,0,0
RY8,NHS England Midlands ,Derbyshire Community Health Services NHS Foundation Trust,0,0,0,0,25555,24512,1043,25555,0,0,0,0,25555,24512,1043,24512,0,0,0,0,25555,24512,1043,1043,0.9591860692623753,-,-,0.9591860692623753,0,0,0,0,0,0,0,0
NNJ,NHS England Midlands ,Dhu Health Care C.I.C,0,0,0,0,5724,5713,11,5724,0,0,0,0,5724,5713,11,5713,0,0,0,0,5724,5713,11,11,0.9980782669461915,-,-,0.9980782669461915,0,0,0,0,0,0,0,0
NNJ10,NHS England Midlands ,Enderby Leisure Centre,0,0,0,0,493,492,1,493,0,0,0,0,493,492,1,492,0,0,0,0,493,492,1,1,0.9979716024340771,-,-,0.9979716024340771,0,0,0,0,0,0,0,0
Y03007,NHS England Midlands ,Erdington GP Health & Wellbeing Wic,0,0,0,0,5236,5236,0,5236,0,0,0,0,5236,5236,0,5236,0,0,0,0,5236,5236,0,0,1,-,-,1,0,0,0,0,0,0,0,0
RLT,NHS England Midlands ,George Eliot Hospital NHS Trust,21014,0,0,0,4883,4854,29,25897,16334,0,0,0,4883,4854,29,21188,4680,0,0,0,4883,4854,29,4709,0.8181642661312121,0.7772913295897973,-,0.9940610280565226,3539,0,0,3539,0,3539,1813,929
RNQ,NHS England Midlands ,Kettering General Hospital NHS Foundation Trust,32287,0,0,0,26207,26185,22,58494,20123,0,0,0,26207,26185,22,46308,12164,0,0,0,26207,26185,22,12186,0.7916709406092932,0.6232539412147304,-,0.9991605296294883,5649,0,0,5649,1062,6711,3543,1711
C82038,NHS England Midlands ,Latham House Medical Practice,0,0,0,0,996,996,0,996,0,0,0,0,996,996,0,996,0,0,0,0,996,996,0,0,1,-,-,1,0,0,0,0,0,0,0,0
RY5,NHS England Midlands ,Lincolnshire Community Health Services NHS Trust,0,0,0,0,23754,23320,434,23754,0,0,0,0,23754,23320,434,23320,0,0,0,0,23754,23320,434,434,0.9817293929443462,-,-,0.9817293929443462,0,0,0,0,0,0,0,0
NNJ0H,NHS England Midlands ,Llr Ea - The Merlyn Vaz Health & Social Care Centre,0,0,0,0,7939,7926,13,7939,0,0,0,0,7939,7926,13,7926,0,0,0,0,7939,7926,13,13,0.9983625141705504,-,-,0.9983625141705504,0,0,0,0,0,0,0,0
NNJ07,NHS England Midlands ,Loughborough Urgent Care Centre,0,0,0,0,22434,22286,148,22434,0,0,0,0,22434,22286,148,22286,0,0,0,0,22434,22286,148,148,0.9934028706427743,-,-,0.9934028706427743,0,0,0,0,0,0,0,0
NNJ11,NHS England Midlands ,Lutterworth Hospital,0,0,0,0,299,299,0,299,0,0,0,0,299,299,0,299,0,0,0,0,299,299,0,0,1,-,-,1,0,0,0,0,0,0,0,0
NNJ12,NHS England Midlands ,Market Harborough,0,0,0,0,1595,1594,1,1595,0,0,0,0,1595,1594,1,1594,0,0,0,0,1595,1594,1,1,0.9993730407523511,-,-,0.9993730407523511,0,0,0,0,0,0,0,0
C82009,NHS England Midlands ,Market Harborough Med.Ctr,0,0,0,0,743,743,0,743,0,0,0,0,743,743,0,743,0,0,0,0,743,743,0,0,1,-,-,1,0,0,0,0,0,0,0,0
NNJ13,NHS England Midlands ,Melton Mowbray,0,0,0,0,1247,1244,3,1247,0,0,0,0,1247,1244,3,1244,0,0,0,0,1247,1244,3,3,0.9975942261427426,-,-,0.9975942261427426,0,0,0,0,0,0,0,0
RNS,NHS England Midlands ,Northampton General Hospital NHS Trust,31566,1927,1877,50,5994,5895,99,39487,19974,1927,1877,50,5994,5895,99,27746,11592,1927,1877,50,5994,5895,99,11741,0.7026616354749664,0.6327694354685421,0.9740529320186819,0.9834834834834835,7276,0,0,7276,1451,8727,3732,2546
RX1,NHS England Midlands ,Nottingham University Hospitals NHS Trust,37380,5624,5063,561,28241,24391,3850,71245,15566,5624,5063,561,28241,24391,3850,45020,21814,5624,5063,561,28241,24391,3850,26225,0.6319039932626851,0.4164258962011771,0.9002489331436699,0.8636733826705854,9647,0,4501,14148,12753,26901,3718,3293
NNJ14,NHS England Midlands ,Oadby,0,0,0,0,8936,8885,51,8936,0,0,0,0,8936,8885,51,8885,0,0,0,0,8936,8885,51,51,0.9942927484333035,-,-,0.9942927484333035,0,0,0,0,0,0,0,0
NNJ15,NHS England Midlands ,Oakham,0,0,0,0,1693,1691,2,1693,0,0,0,0,1693,1691,2,1691,0,0,0,0,1693,1691,2,2,0.9988186650915535,-,-,0.9988186650915535,0,0,0,0,0,0,0,0
RXK,NHS England Midlands ,Sandwell And West Birmingham Hospitals NHS Trust,34836,3400,2884,516,23997,23750,247,62233,18532,3400,2884,516,23997,23750,247,45166,16304,3400,2884,516,23997,23750,247,17067,0.7257564314752624,0.5319784131358365,0.8482352941176471,0.9897070467141726,7454,0,82,7536,659,8195,3817,1705
RK5,NHS England Midlands ,Sherwood Forest Hospitals NHS Foundation Trust,33683,0,0,0,16046,14793,1253,49729,21528,0,0,0,16046,14793,1253,36321,12155,0,0,0,16046,14793,1253,13408,0.7303786522954413,0.6391354689309147,-,0.9219120029913997,11212,0,0,11212,889,12101,3739,1331
R1D,NHS England Midlands ,Shropshire Community Health NHS Trust,0,0,0,0,8934,8904,30,8934,0,0,0,0,8934,8904,30,8904,0,0,0,0,8934,8904,30,30,0.9966420416386836,-,-,0.9966420416386836,0,0,0,0,0,0,0,0
C83023,NHS England Midlands ,Sleaford Medical Group,0,0,0,0,1579,1579,0,1579,0,0,0,0,1579,1579,0,1579,0,0,0,0,1579,1579,0,0,1,-,-,1,0,0,0,0,9,9,0,0
Y02615,NHS England Midlands ,South Birmingham GP Walk In Centre,0,0,0,0,11107,11107,0,11107,0,0,0,0,11107,11107,0,11107,0,0,0,0,11107,11107,0,0,1,-,-,1,0,0,0,0,0,0,0,0
RJC,NHS England Midlands ,South Warwickshire NHS Foundation Trust,24424,0,0,0,1152,1152,0,25576,17753,0,0,0,1152,1152,0,18905,6671,0,0,0,1152,1152,0,6671,0.739169533938067,0.7268670160497871,-,1,5256,0,0,5256,1945,7201,1943,454
NQTE4,NHS England Midlands ,Summerfield Urgent Care Centre,0,0,0,0,8681,8681,0,8681,0,0,0,0,8681,8681,0,8681,0,0,0,0,8681,8681,0,0,1,-,-,1,0,0,0,0,0,0,0,0
RNA,NHS England Midlands ,The Dudley Group NHS Foundation Trust,29154,0,0,0,13838,13555,283,42992,20277,0,0,0,13838,13555,283,33832,8877,0,0,0,13838,13555,283,9160,0.7869371045775958,0.6955134801399465,-,0.9795490677843619,10443,0,0,10443,7900,18343,6307,335
RL1,NHS England Midlands ,The Robert Jones And Agnes Hunt Orthopaedic Hospital NHS Foundation Trust,0,0,0,0,0,0,0,0,0,0,0,0,0,0,0,0,0,0,0,0,0,0,0,0,-,-,-,-,0,0,0,0,100,100,0,0
RL4,NHS England Midlands ,The Royal Wolverhampton NHS Trust,33327,4502,4377,125,21993,21312,681,59822,21394,4502,4377,125,21993,21312,681,47083,11933,4502,4377,125,21993,21312,681,12739,0.7870515863729063,0.641941968974105,0.9722345624167037,0.9690356022370754,8181,0,132,8313,12348,20661,4348,1833
RXW,NHS England Midlands ,The Shrewsbury And Telford Hospital NHS Trust,31915,0,0,0,7463,6399,1064,39378,14080,0,0,0,7463,6399,1064,20479,17835,0,0,0,7463,6399,1064,18899,0.5200619635329372,0.44117186276045744,-,0.8574299879405065,10470,0,487,10957,6471,17428,5827,4140
RWD,NHS England Midlands ,United Lincolnshire Teaching Hospitals NHS Trust,52289,0,0,0,13607,12693,914,65896,32118,0,0,0,13607,12693,914,44811,20171,0,0,0,13607,12693,914,21085,0.6800261017360689,0.614240088737593,-,0.9328286911148673,14814,0,0,14814,3509,18323,6016,4023
RRK,NHS England Midlands ,University Hospitals Birmingham NHS Foundation Trust,98891,1064,1064,0,9769,9666,103,109724,57897,1064,1064,0,9769,9666,103,68627,40994,1064,1064,0,9769,9666,103,41097,0.625451131931027,0.5854627822552103,1,0.9894564438530044,30809,0,0,30809,22873,53682,13148,5510
RKB,NHS England Midlands ,University Hospitals Coventry And Warwickshire NHS Trust,37287,7647,7332,315,17551,17197,354,62485,21990,7647,7332,315,17551,17197,354,46519,15297,7647,7332,315,17551,17197,354,15966,0.7444826758422022,0.5897497787432617,0.9588073754413495,0.9798302091048943,2820,114,119,3053,1014,4067,178,33
RTG,NHS England Midlands ,University Hospitals Of Derby And Burton NHS Foundation Trust,62779,0,0,0,26886,26878,8,89665,34172,0,0,0,26886,26878,8,61050,28607,0,0,0,26886,26878,8,28615,0.6808676741203368,0.5443221459405215,-,0.9997024473703786,11650,0,2,11652,6250,17902,6068,2726
RWE,NHS England Midlands ,University Hospitals Of Leicester NHS Trust,66695,5953,5581,372,0,0,0,72648,40762,5953,5581,372,0,0,0,46343,25933,5953,5581,372,0,0,0,26305,0.6379115736152406,0.6111702526426269,0.9375104989081136,-,20831,21,0,20852,11726,32578,6320,2336
RJE,NHS England Midlands ,University Hospitals Of North Midlands NHS Trust,44944,1472,1472,0,25345,24974,371,71761,20177,1472,1472,0,25345,24974,371,46623,24767,1472,1472,0,25345,24974,371,25138,0.6496983040927523,0.448936454254183,1,0.9853620043401066,14160,0,0,14160,3295,17455,6376,3011
RBK,NHS England Midlands ,Walsall Healthcare NHS Trust,28493,0,0,0,12065,11879,186,40558,19504,0,0,0,12065,11879,186,31383,8989,0,0,0,12065,11879,186,9175,0.7737807584200405,0.6845190046678131,-,0.9845835060091173,12718,0,0,12718,2646,15364,3997,1166
RWP,NHS England Midlands ,Worcestershire Acute Hospitals NHS Trust,40362,0,0,0,16038,15886,152,56400,22050,0,0,0,16038,15886,152,37936,18312,0,0,0,16038,15886,152,18464,0.6726241134751773,0.54630593132154,-,0.9905225090410276,9306,0,0,9306,2601,11907,5817,3325
RLQ,NHS England Midlands ,Wye Valley NHS Trust,17889,2767,2767,0,428,428,0,21084,10290,2767,2767,0,428,428,0,13485,7599,2767,2767,0,428,428,0,7599,0.6395845190665908,0.5752138185477109,1,1,4273,0,0,4273,411,4684,2201,743
RCF,NHS England North East And Yorkshire ,Airedale NHS Foundation Trust,18559,651,651,0,0,0,0,19210,11592,651,651,0,0,0,0,12243,6967,651,651,0,0,0,0,6967,0.6373243102550755,0.6246026186755752,1,-,4559,0,0,4559,1575,6134,2399,991
RFF,NHS England North East And Yorkshire ,Barnsley Hospital NHS Foundation Trust,27376,0,0,0,0,0,0,27376,20002,0,0,0,0,0,0,20002,7374,0,0,0,0,0,0,7374,0.7306399766218585,0.7306399766218585,-,-,9924,0,0,9924,1572,11496,1590,20
RAE,NHS England North East And Yorkshire ,Bradford Teaching Hospitals NHS Foundation Trust,27377,2988,2988,0,9427,9425,2,39792,20908,2988,2988,0,9427,9425,2,33321,6469,2988,2988,0,9427,9425,2,6471,0.8373793727382388,0.7637067611498704,1,0.9997878434284502,7425,0,48,7473,4018,11491,2052,243
NNF09,NHS England North East And Yorkshire ,Bransholme Health Centre,0,0,0,0,11287,10197,1090,11287,0,0,0,0,11287,10197,1090,10197,0,0,0,0,11287,10197,1090,1090,0.9034287233100027,-,-,0.9034287233100027,0,0,0,0,0,0,0,0
NNF16,NHS England North East And Yorkshire ,Bridlington Hospital,0,0,0,0,4419,4308,111,4419,0,0,0,0,4419,4308,111,4308,0,0,0,0,4419,4308,111,111,0.9748811948404617,-,-,0.9748811948404617,0,0,0,0,0,0,0,0
RWY,NHS England North East And Yorkshire ,Calderdale And Huddersfield NHS Foundation Trust,46347,0,0,0,0,0,0,46347,38839,0,0,0,0,0,0,38839,7508,0,0,0,0,0,0,7508,0.8380046173430858,0.8380046173430858,-,-,8627,0,0,8627,560,9187,4011,333
RXP,NHS England North East And Yorkshire ,County Durham And Darlington NHS Foundation Trust,37645,0,0,0,32107,32107,0,69752,21740,0,0,0,32107,32107,0,53847,15905,0,0,0,32107,32107,0,15905,0.7719778644339947,0.577500332049409,-,1,13276,0,0,13276,2464,15740,5575,73
RP5,NHS England North East And Yorkshire ,Doncaster And Bassetlaw Teaching Hospitals NHS Foundation Trust,40704,0,0,0,11905,11893,12,52609,26052,0,0,0,11905,11893,12,37945,14652,0,0,0,11905,11893,12,14664,0.7212644224372255,0.6400353773584906,-,0.9989920201595968,11807,0,1170,12977,3257,16234,4103,636
NNF94,NHS England North East And Yorkshire ,East Riding Community Hospital,0,0,0,0,8165,7688,477,8165,0,0,0,0,8165,7688,477,7688,0,0,0,0,8165,7688,477,477,0.941579914268218,-,-,0.941579914268218,0,0,0,0,0,0,0,0
RR7,NHS England North East And Yorkshire ,Gateshead Health NHS Foundation Trust,17304,0,0,0,12964,12831,133,30268,9290,0,0,0,12964,12831,133,22121,8014,0,0,0,12964,12831,133,8147,0.7308378485529272,0.5368700878409616,-,0.9897408207343412,5054,0,0,5054,158,5212,2526,15
NNFA7,NHS England North East And Yorkshire ,Goole & District Hospital,0,0,0,0,5026,4966,60,5026,0,0,0,0,5026,4966,60,4966,0,0,0,0,5026,4966,60,60,0.9880620771985674,-,-,0.9880620771985674,0,0,0,0,0,0,0,0
RCD,NHS England North East And Yorkshire ,Harrogate And District NHS Foundation Trust,15743,0,0,0,4243,4234,9,19986,10906,0,0,0,4243,4234,9,15140,4837,0,0,0,4243,4234,9,4846,0.7575302711898328,0.6927523343708315,-,0.9978788592976667,3333,0,0,3333,940,4273,1029,65
RWA,NHS England North East And Yorkshire ,Hull University Teaching Hospitals NHS Trust,29125,0,0,0,12423,11562,861,41548,13962,0,0,0,12423,11562,861,25524,15163,0,0,0,12423,11562,861,16024,0.6143255993068258,0.47938197424892703,-,0.9306930693069307,11677,0,0,11677,6372,18049,4472,1641
RV9,NHS England North East And Yorkshire ,Humber Teaching NHS Foundation Trust,0,0,0,0,3153,3146,7,3153,0,0,0,0,3153,3146,7,3146,0,0,0,0,3153,3146,7,7,0.9977798921661909,-,-,0.9977798921661909,0,0,0,0,0,0,0,0
RR8,NHS England North East And Yorkshire ,Leeds Teaching Hospitals NHS Trust,53855,2210,2210,0,33413,32639,774,89478,33020,2210,2210,0,33413,32639,774,67869,20835,2210,2210,0,33413,32639,774,21609,0.7584992959163146,0.6131278432828893,1,0.9768353634812798,10767,0,0,10767,3699,14466,6127,2478
ARN03,NHS England North East And Yorkshire ,Local Care Direct,0,0,0,0,7741,7714,27,7741,0,0,0,0,7741,7714,27,7714,0,0,0,0,7741,7714,27,27,0.996512078542824,-,-,0.996512078542824,0,0,0,0,0,0,0,0
RXF,NHS England North East And Yorkshire ,Mid Yorkshire Hospitals NHS Trust,48066,386,386,0,19125,18523,602,67577,29909,386,386,0,19125,18523,602,48818,18157,386,386,0,19125,18523,602,18759,0.722405552184915,0.6222485748762119,1,0.9685228758169935,9907,0,466,10373,2549,12922,8397,1956
RNN,NHS England North East And Yorkshire ,North Cumbria Integrated Care NHS Foundation Trust,26352,0,0,0,4852,4657,195,31204,14352,0,0,0,4852,4657,195,19009,12000,0,0,0,4852,4657,195,12195,0.6091847199077042,0.5446265938069217,-,0.9598103874690849,6043,0,0,6043,1325,7368,3192,1327
RVW,NHS England North East And Yorkshire ,North Tees And Hartlepool NHS Foundation Trust,14678,0,0,0,33289,33213,76,47967,6727,0,0,0,33289,33213,76,39940,7951,0,0,0,33289,33213,76,8027,0.8326557841849604,0.4583049461779534,-,0.9977169635615368,5064,0,1368,6432,7399,13831,767,105
RJL,NHS England North East And Yorkshire ,Northern Lincolnshire And Goole NHS Foundation Trust,30013,0,0,0,20682,20520,162,50695,15083,0,0,0,20682,20520,162,35603,14930,0,0,0,20682,20520,162,15092,0.7022980570075944,0.5025488954786259,-,0.9921671018276762,16541,0,0,16541,1224,17765,4714,2728
RTF,NHS England North East And Yorkshire ,Northumbria Healthcare NHS Foundation Trust,30962,0,0,0,38167,38163,4,69129,22998,0,0,0,38167,38163,4,61161,7964,0,0,0,38167,38163,4,7968,0.8847372303953478,0.7427814740649828,-,0.9998951974218566,12330,0,31,12361,1473,13834,156,0
RCU,NHS England North East And Yorkshire ,Sheffield Children's NHS Foundation Trust,13489,0,0,0,1397,1396,1,14886,12756,0,0,0,1397,1396,1,14152,733,0,0,0,1397,1396,1,734,0.9506919252989386,0.9456594261991252,-,0.9992841803865425,3156,0,0,3156,282,3438,27,0
RHQ,NHS England North East And Yorkshire ,Sheffield Teaching Hospitals NHS Foundation Trust,27160,3692,3573,119,24399,23448,951,55251,13032,3692,3573,119,24399,23448,951,40053,14128,3692,3573,119,24399,23448,951,15198,0.7249280556008036,0.4798232695139912,0.9677681473456121,0.9610229927456043,9503,0,0,9503,10419,19922,3387,30
RTR,NHS England North East And Yorkshire ,South Tees Hospitals NHS Foundation Trust,22353,0,0,0,33473,32175,1298,55826,11261,0,0,0,33473,32175,1298,43436,11092,0,0,0,33473,32175,1298,12390,0.7780604019632429,0.50378025320986,-,0.9612224778179428,6977,0,940,7917,7571,15488,1363,99
R0B,NHS England North East And Yorkshire ,South Tyneside And Sunderland NHS Foundation Trust,35958,3790,3740,50,20570,19909,661,60318,19280,3790,3740,50,20570,19909,661,42929,16678,3790,3740,50,20570,19909,661,17389,0.7117112636360622,0.5361811001724234,0.9868073878627969,0.9678658240155567,13809,70,0,13879,3369,17248,2118,1
RXG,NHS England North East And Yorkshire ,South West Yorkshire Partnership NHS Foundation Trust,0,0,0,0,0,0,0,0,0,0,0,0,0,0,0,0,0,0,0,0,0,0,0,0,-,-,-,-,0,0,0,0,398,398,0,0
RTD,NHS England North East And Yorkshire ,The Newcastle Upon Tyne Hospitals NHS Foundation Trust,33330,5091,4840,251,28968,28543,425,67389,18639,5091,4840,251,28968,28543,425,52022,14691,5091,4840,251,28968,28543,425,15367,0.7719657510869726,0.5592259225922592,0.9506973089766254,0.9853286384976526,11598,86,0,11684,8722,20406,1689,100
RFR,NHS England North East And Yorkshire ,The Rotherham NHS Foundation Trust,28320,0,0,0,0,0,0,28320,18916,0,0,0,0,0,0,18916,9404,0,0,0,0,0,0,9404,0.6679378531073447,0.6679378531073447,-,-,5014,0,0,5014,1528,6542,2949,206
AJN,NHS England North East And Yorkshire ,Workington Health Limited,0,0,0,0,1156,1156,0,1156,0,0,0,0,1156,1156,0,1156,0,0,0,0,1156,1156,0,0,1,-,-,1,0,0,0,0,0,0,0,0
RCB,NHS England North East And Yorkshire ,York And Scarborough Teaching Hospitals NHS Foundation Trust,33496,1006,1006,0,19351,18416,935,53853,16248,1006,1006,0,19351,18416,935,35670,17248,1006,1006,0,19351,18416,935,18183,0.6623586429725363,0.4850728445187485,1,0.9516820836132499,15241,0,0,15241,4922,20163,3821,1573
RBS,NHS England North West ,Alder Hey Children's NHS Foundation Trust,18228,0,0,0,0,0,0,18228,15194,0,0,0,0,0,0,15194,3034,0,0,0,0,0,0,3034,0.8335527759490893,0.8335527759490893,-,-,2785,0,0,2785,652,3437,0,0
RXL,NHS England North West ,Blackpool Teaching Hospitals NHS Foundation Trust,26301,0,0,0,30440,29767,673,56741,14631,0,0,0,30440,29767,673,44398,11670,0,0,0,30440,29767,673,12343,0.7824677041292892,0.5562906353370595,-,0.9778909329829172,7034,0,0,7034,5408,12442,2988,1535
RMC,NHS England North West ,Bolton NHS Foundation Trust,24425,0,0,0,10463,9688,775,34888,12904,0,0,0,10463,9688,775,22592,11521,0,0,0,10463,9688,775,12296,0.6475578995643201,0.5283111566018424,-,0.9259294657364044,7742,0,372,8114,2841,10955,2777,1388
RY2,NHS England North West ,Bridgewater Community Healthcare NHS Foundation Trust,0,0,0,0,9729,9592,137,9729,0,0,0,0,9729,9592,137,9592,0,0,0,0,9729,9592,137,137,0.9859183883235687,-,-,0.9859183883235687,0,0,0,0,0,0,0,0
RJR,NHS England North West ,Countess Of Chester Hospital NHS Foundation Trust,15672,0,0,0,7353,6188,1165,23025,7454,0,0,0,7353,6188,1165,13642,8218,0,0,0,7353,6188,1165,9383,0.592486427795874,0.4756253190403267,-,0.8415612675098599,5410,0,0,5410,3792,9202,3169,2390
RJN,NHS England North West ,East Cheshire NHS Trust,12772,0,0,0,212,212,0,12984,5898,0,0,0,212,212,0,6110,6874,0,0,0,212,212,0,6874,0.4705791743684535,0.4617914187284685,-,1,2322,0,0,2322,527,2849,1960,1242
RXR,NHS England North West ,East Lancashire Hospitals NHS Trust,39635,0,0,0,32805,31572,1233,72440,25640,0,0,0,32805,31572,1233,57212,13995,0,0,0,32805,31572,1233,15228,0.7897846493649917,0.6469029897817585,-,0.9624142661179699,11989,0,279,12268,5259,17527,4577,3443
RXN,NHS England North West ,Lancashire Teaching Hospitals NHS Foundation Trust,35635,0,0,0,9710,9133,577,45345,22276,0,0,0,9710,9133,577,31409,13359,0,0,0,9710,9133,577,13936,0.6926673282611093,0.6251157569804967,-,0.9405767250257466,8926,0,324,9250,3786,13036,4419,1284
RBQ,NHS England North West ,Liverpool Heart And Chest Hospital NHS Foundation Trust,0,0,0,0,0,0,0,0,0,0,0,0,0,0,0,0,0,0,0,0,0,0,0,0,-,-,-,-,0,0,0,0,418,418,0,0
REM,NHS England North West ,Liverpool University Hospitals NHS Foundation Trust,48712,5459,5459,0,23471,22374,1097,77642,24941,5459,5459,0,23471,22374,1097,52774,23771,5459,5459,0,23471,22374,1097,24868,0.6797094356147446,0.5120093611430448,1,0.953261471603255,15398,0,0,15398,7266,22664,6216,3843
REP,NHS England North West ,Liverpool Women's NHS Foundation Trust,0,4591,4070,521,0,0,0,4591,0,4591,4070,521,0,0,0,4070,0,4591,4070,521,0,0,0,521,0.8865170986713135,-,0.8865170986713135,-,0,344,0,344,45,389,0,0
R0A,NHS England North West ,Manchester University NHS Foundation Trust,88687,10916,10491,425,34689,33639,1050,134292,55095,10916,10491,425,34689,33639,1050,99225,33592,10916,10491,425,34689,33639,1050,35067,0.7388749888303101,0.6212297179970007,0.961066324661048,0.9697310386577878,17659,428,319,18406,1283,19689,11158,324
RW4,NHS England North West ,Mersey Care NHS Foundation Trust,0,0,0,0,39561,38369,1192,39561,0,0,0,0,39561,38369,1192,38369,0,0,0,0,39561,38369,1192,1192,0.9698693157402493,-,-,0.9698693157402493,0,0,0,0,111,111,0,0
RBT,NHS England North West ,Mid Cheshire Hospitals NHS Foundation Trust,20870,0,0,0,9025,9006,19,29895,9784,0,0,0,9025,9006,19,18790,11086,0,0,0,9025,9006,19,11105,0.6285331995316943,0.468806899856253,-,0.9978947368421053,7258,0,0,7258,2341,9599,3062,1889
Y02532,NHS England North West ,Miriam Minor Emergency,0,0,0,0,4851,4851,0,4851,0,0,0,0,4851,4851,0,4851,0,0,0,0,4851,4851,0,0,1,-,-,1,0,0,0,0,0,0,0,0
RM3,NHS England North West ,Northern Care Alliance NHS Foundation Trust,77006,0,0,0,27275,26506,769,104281,47599,0,0,0,27275,26506,769,74105,29407,0,0,0,27275,26506,769,30176,0.7106280146910751,0.618120665922136,-,0.9718056828597617,22403,0,1055,23458,7026,30484,6612,3980
NV693,NHS England North West ,Rossendale Miu & Ooh,0,0,0,0,2577,2575,2,2577,0,0,0,0,2577,2575,2,2575,0,0,0,0,2577,2575,2,2,0.9992239037640668,-,-,0.9992239037640668,0,0,0,0,0,0,0,0
NQT5F,NHS England North West ,Skelmersdale Walk In Centre,0,0,0,0,4724,4685,39,4724,0,0,0,0,4724,4685,39,4685,0,0,0,0,4724,4685,39,39,0.9917442845046571,-,-,0.9917442845046571,0,0,0,0,0,0,0,0
RBN,NHS England North West ,St Helens And Knowsley Teaching Hospitals NHS Trust,51751,0,0,0,21192,20984,208,72943,32334,0,0,0,21192,20984,208,53318,19417,0,0,0,21192,20984,208,19625,0.7309543067874916,0.6247995207822071,-,0.9901849754624387,22367,0,0,22367,1980,24347,2825,1567
RWJ,NHS England North West ,Stockport NHS Foundation Trust,24239,0,0,0,7188,7015,173,31427,14517,0,0,0,7188,7015,173,21532,9722,0,0,0,7188,7015,173,9895,0.6851433480764947,0.5989108461570197,-,0.9759321090706733,7604,0,218,7822,3009,10831,2977,1202
RMP,NHS England North West ,Tameside And Glossop Integrated Care NHS Foundation Trust,25721,0,0,0,8558,8288,270,34279,13480,0,0,0,8558,8288,270,21768,12241,0,0,0,8558,8288,270,12511,0.6350243589369585,0.5240853777069321,-,0.968450572563683,4892,0,0,4892,827,5719,2832,1879
RBV,NHS England North West ,The Christie NHS Foundation Trust,0,0,0,0,0,0,0,0,0,0,0,0,0,0,0,0,0,0,0,0,0,0,0,0,-,-,-,-,0,0,0,0,2457,2457,0,0
RET,NHS England North West ,The Walton Centre NHS Foundation Trust,0,0,0,0,0,0,0,0,0,0,0,0,0,0,0,0,0,0,0,0,0,0,0,0,-,-,-,-,0,0,0,0,500,500,0,0
RTX,NHS England North West ,University Hospitals Of Morecambe Bay NHS Foundation Trust,25597,0,0,0,13168,12757,411,38765,14464,0,0,0,13168,12757,411,27221,11133,0,0,0,13168,12757,411,11544,0.7022055978330969,0.5650662186975036,-,0.9687879708383961,9192,0,57,9249,2778,12027,4077,2183
RWW,NHS England North West ,Warrington And Halton Teaching Hospitals NHS Foundation Trust,20546,0,0,0,8391,8302,89,28937,10229,0,0,0,8391,8302,89,18531,10317,0,0,0,8391,8302,89,10406,0.6403911946642706,0.4978584639345858,-,0.989393397687999,5321,0,0,5321,421,5742,4257,2797
RY7,NHS England North West ,Wirral Community Health And Care NHS Foundation Trust,0,0,0,0,9696,9056,640,9696,0,0,0,0,9696,9056,640,9056,0,0,0,0,9696,9056,640,640,0.933993399339934,-,-,0.933993399339934,0,0,0,0,0,0,0,0
RBL,NHS England North West ,Wirral University Teaching Hospital NHS Foundation Trust,23287,0,0,0,8726,8487,239,32013,10603,0,0,0,8726,8487,239,19090,12684,0,0,0,8726,8487,239,12923,0.5963202449005092,0.45531841800146006,-,0.9726105890442356,6513,0,0,6513,5710,12223,3821,2435
RRF,NHS England North West ,"Wrightington, Wigan And Leigh NHS Foundation Trust",20544,0,0,0,16556,16200,356,37100,9759,0,0,0,16556,16200,356,25959,10785,0,0,0,16556,16200,356,11141,0.6997035040431266,0.47502920560747663,-,0.9784972215510993,6107,0,0,6107,1207,7314,3241,1494
RTK,NHS England South East ,Ashford And St Peter's Hospitals NHS Foundation Trust,22628,0,0,0,7983,7877,106,30611,11431,0,0,0,7983,7877,106,19308,11197,0,0,0,7983,7877,106,11303,0.6307536506484597,0.5051705851157857,-,0.986721783790555,8447,0,0,8447,1529,9976,2776,1187
NTV0B,NHS England South East ,Ashford Walk-In-Centre,0,0,0,0,7051,6948,103,7051,0,0,0,0,7051,6948,103,6948,0,0,0,0,7051,6948,103,103,0.9853921429584456,-,-,0.9853921429584456,0,0,0,0,0,0,0,0
RWX,NHS England South East ,Berkshire Healthcare NHS Foundation Trust,0,0,0,0,3962,3924,38,3962,0,0,0,0,3962,3924,38,3924,0,0,0,0,3962,3924,38,38,0.9904088844018173,-,-,0.9904088844018173,0,0,93,93,0,93,0,0
Y02676,NHS England South East ,Brighton Station Health Centre,0,0,0,0,5401,5401,0,5401,0,0,0,0,5401,5401,0,5401,0,0,0,0,5401,5401,0,0,1,-,-,1,0,0,0,0,0,0,0,0
RXQ,NHS England South East ,Buckinghamshire Healthcare NHS Trust,27615,3538,3538,0,8788,8671,117,39941,17570,3538,3538,0,8788,8671,117,29779,10045,3538,3538,0,8788,8671,117,10162,0.7455747227160061,0.6362484157160964,1,0.9866863905325444,10108,2589,0,12697,3553,16250,1614,1039
RN7,NHS England South East ,Dartford And Gravesham NHS Trust,34558,0,0,0,11337,11268,69,45895,25671,0,0,0,11337,11268,69,36939,8887,0,0,0,11337,11268,69,8956,0.8048589170933653,0.7428381272064356,-,0.9939137337920084,11210,0,0,11210,922,12132,3058,1343
RVV,NHS England South East ,East Kent Hospitals University NHS Foundation Trust,40949,0,0,0,35891,34440,1451,76840,22729,0,0,0,35891,34440,1451,57169,18220,0,0,0,35891,34440,1451,19671,0.7440005205622072,0.5550562895308798,-,0.9595720375581622,8615,0,1604,10219,1529,11748,4849,3240
RXC,NHS England South East ,East Sussex Healthcare NHS Trust,33131,0,0,0,10653,10527,126,43784,21249,0,0,0,10653,10527,126,31776,11882,0,0,0,10653,10527,126,12008,0.7257445642243742,0.64136307385832,-,0.9881723458180794,8704,0,0,8704,1545,10249,995,368
AQM01,NHS England South East ,Faversham Medical Practice Miu,0,0,0,0,9145,9145,0,9145,0,0,0,0,9145,9145,0,9145,0,0,0,0,9145,9145,0,0,1,-,-,1,0,0,0,0,0,0,0,0
NDJ,NHS England South East ,First Community Health And Care Cic,0,0,0,0,6643,6597,46,6643,0,0,0,0,6643,6597,46,6597,0,0,0,0,6643,6597,46,46,0.9930754177329519,-,-,0.9930754177329519,0,0,0,0,0,0,0,0
RDU,NHS England South East ,Frimley Health NHS Foundation Trust,67806,2503,2500,3,33548,32790,758,103857,40500,2503,2500,3,33548,32790,758,75790,27306,2503,2500,3,33548,32790,758,28067,0.7297534109400425,0.5972922750199098,0.9988014382740711,0.9774055085250983,19577,0,0,19577,405,19982,5664,2093
RN5,NHS England South East ,Hampshire Hospitals NHS Foundation Trust,30427,192,192,0,12771,11916,855,43390,14347,192,192,0,12771,11916,855,26455,16080,192,192,0,12771,11916,855,16935,0.6097026964738419,0.471522003483748,1,0.9330514446793516,10919,22,195,11136,3146,14282,836,84
NVE43,NHS England South East ,Hastings GP Led Health Centre,0,0,0,0,2896,2896,0,2896,0,0,0,0,2896,2896,0,2896,0,0,0,0,2896,2896,0,0,1,-,-,1,0,0,0,0,0,0,0,0
DJV01,NHS England South East ,Herne Bay Health Care Ltd,0,0,0,0,7717,7717,0,7717,0,0,0,0,7717,7717,0,7717,0,0,0,0,7717,7717,0,0,1,-,-,1,0,0,0,0,0,0,0,0
R1F,NHS England South East ,Isle Of Wight NHS Trust,11927,674,674,0,4438,4168,270,17039,7642,674,674,0,4438,4168,270,12484,4285,674,674,0,4438,4168,270,4555,0.7326721051704912,0.6407311142785277,1,0.9391617845876521,4129,0,0,4129,319,4448,1430,662
RYY,NHS England South East ,Kent Community Health NHS Foundation Trust,0,0,0,0,19314,19202,112,19314,0,0,0,0,19314,19202,112,19202,0,0,0,0,19314,19202,112,112,0.9942010976493735,-,-,0.9942010976493735,0,0,0,0,0,0,0,0
RWF,NHS England South East ,Maidstone And Tunbridge Wells NHS Trust,58509,0,0,0,6328,6262,66,64837,44226,0,0,0,6328,6262,66,50488,14283,0,0,0,6328,6262,66,14349,0.7786911794191588,0.755883710198431,-,0.9895701643489254,7047,0,0,7047,2072,9119,3882,1133
RPA,NHS England South East ,Medway NHS Foundation Trust,28802,0,0,0,20453,17745,2708,49255,18338,0,0,0,20453,17745,2708,36083,10464,0,0,0,20453,17745,2708,13172,0.7325753730585728,0.6366918963960836,-,0.8675988852491077,5135,0,0,5135,1387,6522,3231,2357
RNU,NHS England South East ,Oxford Health NHS Foundation Trust,0,0,0,0,11551,11177,374,11551,0,0,0,0,11551,11177,374,11177,0,0,0,0,11551,11177,374,374,0.9676218509219982,-,-,0.9676218509219982,0,0,0,0,0,0,0,0
RTH,NHS England South East ,Oxford University Hospitals NHS Foundation Trust,40667,5082,5082,0,10672,10486,186,56421,29339,5082,5082,0,10672,10486,186,44907,11328,5082,5082,0,10672,10486,186,11514,0.7959270484394109,0.7214449061892936,1,0.9825712143928036,15497,274,55,15826,13383,29209,1294,28
AQN04,NHS England South East ,Phl Lymington Utc,0,0,0,0,8542,8492,50,8542,0,0,0,0,8542,8492,50,8492,0,0,0,0,8542,8492,50,50,0.9941465698899555,-,-,0.9941465698899555,0,0,0,0,0,0,0,0
RHU,NHS England South East ,Portsmouth Hospitals University National Health Service Trust,37408,3346,3298,48,11924,11882,42,52678,23892,3346,3298,48,11924,11882,42,39072,13516,3346,3298,48,11924,11882,42,13606,0.7417138084209727,0.6386869118905047,0.9856545128511656,0.9964776920496478,9553,0,0,9553,7387,16940,5812,3340
NTP11,NHS England South East ,Practice Plus Group Hospital - Southampton,0,0,0,0,15205,14917,288,15205,0,0,0,0,15205,14917,288,14917,0,0,0,0,15205,14917,288,288,0.9810588622163762,-,-,0.9810588622163762,0,0,0,0,0,0,0,0
NTPAD,NHS England South East ,Practice Plus Group Surgical Centre - St Marys Portsmouth,0,0,0,0,15695,15097,598,15695,0,0,0,0,15695,15097,598,15097,0,0,0,0,15695,15097,598,598,0.961898693851545,-,-,0.961898693851545,0,0,0,0,0,0,0,0
RPC,NHS England South East ,Queen Victoria Hospital NHS Foundation Trust,0,0,0,0,3648,3613,35,3648,0,0,0,0,3648,3613,35,3613,0,0,0,0,3648,3613,35,35,0.9904057017543859,-,-,0.9904057017543859,0,0,12,12,1491,1503,0,0
RHW,NHS England South East ,Royal Berkshire NHS Foundation Trust,36660,7581,7393,188,8066,8066,0,52307,23869,7581,7393,188,8066,8066,0,39328,12791,7581,7393,188,8066,8066,0,12979,0.7518687747337832,0.6510911074740862,0.9752011607967287,1,6712,0,0,6712,1045,7757,1602,91
RA2,NHS England South East ,Royal Surrey County Hospital NHS Foundation Trust,22759,0,0,0,5994,5993,1,28753,14831,0,0,0,5994,5993,1,20824,7928,0,0,0,5994,5993,1,7929,0.7242374708726046,0.651654290610308,-,0.9998331664998331,6899,0,0,6899,3308,10207,1538,159
RW1,NHS England South East ,Southern Health NHS Foundation Trust,0,0,0,0,8547,8459,88,8547,0,0,0,0,8547,8459,88,8459,0,0,0,0,8547,8459,88,88,0.9897039897039897,-,-,0.9897039897039897,0,0,2,2,383,385,0,0
RTP,NHS England South East ,Surrey And Sussex Healthcare NHS Trust,29851,0,0,0,0,0,0,29851,16604,0,0,0,0,0,0,16604,13247,0,0,0,0,0,0,13247,0.5562292720511876,0.5562292720511876,-,-,8734,0,0,8734,2795,11529,3697,2100
RDR,NHS England South East ,Sussex Community NHS Foundation Trust,0,0,0,0,33160,32722,438,33160,0,0,0,0,33160,32722,438,32722,0,0,0,0,33160,32722,438,438,0.9867913148371532,-,-,0.9867913148371532,0,0,0,0,0,0,0,0
RHM,NHS England South East ,University Hospital Southampton NHS Foundation Trust,33097,3490,3364,126,0,0,0,36587,22576,3490,3364,126,0,0,0,25940,10521,3490,3364,126,0,0,0,10647,0.7089949982234127,0.6821162038855485,0.9638968481375358,-,11481,25,0,11506,4759,16265,1080,32
RYR,NHS England South East ,University Hospitals Sussex NHS Foundation Trust,83963,4611,4519,92,6377,5713,664,94951,49349,4611,4519,92,6377,5713,664,59581,34614,4611,4519,92,6377,5713,664,35370,0.6274920748596644,0.5877469837904792,0.9800477119930601,0.8958758036694371,25116,80,254,25450,5389,30839,5827,3147
ACH01,NHS England South East ,Whitstable Medical Practice,0,0,0,0,14508,14508,0,14508,0,0,0,0,14508,14508,0,14508,0,0,0,0,14508,14508,0,0,1,-,-,1,0,0,0,0,0,0,0,0
NTV0W,NHS England South East ,Woking Walk In Centre,0,0,0,0,8069,7973,96,8069,0,0,0,0,8069,7973,96,7973,0,0,0,0,8069,7973,96,96,0.98810261494609,-,-,0.98810261494609,0,0,0,0,0,0,0,0
NQT1I,NHS England South West ,Chippenham Community Hospital,0,0,0,0,4554,4486,68,4554,0,0,0,0,4554,4486,68,4486,0,0,0,0,4554,4486,68,68,0.9850680720245938,-,-,0.9850680720245938,0,0,0,0,0,0,0,0
RJ8,NHS England South West ,Cornwall Partnership NHS Foundation Trust,0,0,0,0,0,0,0,0,0,0,0,0,0,0,0,0,0,0,0,0,0,0,0,0,-,-,-,-,0,0,27,27,255,282,0,0
RBD,NHS England South West ,Dorset County Hospital NHS Foundation Trust,14335,0,0,0,10991,10979,12,25326,8749,0,0,0,10991,10979,12,19728,5586,0,0,0,10991,10979,12,5598,0.7789623312011372,0.6103243808859435,-,0.9989081976162315,5657,0,0,5657,1478,7135,918,297
RDY,NHS England South West ,Dorset Healthcare University NHS Foundation Trust,0,0,0,0,0,0,0,0,0,0,0,0,0,0,0,0,0,0,0,0,0,0,0,0,-,-,-,-,0,0,0,0,7,7,0,0
RTQ,NHS England South West ,Gloucestershire Health And Care NHS Foundation Trust,0,0,0,0,23464,23033,431,23464,0,0,0,0,23464,23033,431,23033,0,0,0,0,23464,23033,431,431,0.9816314353903852,-,-,0.9816314353903852,0,0,2,2,80,82,0,0
RTE,NHS England South West ,Gloucestershire Hospitals NHS Foundation Trust,40308,0,0,0,0,0,0,40308,25217,0,0,0,0,0,0,25217,15091,0,0,0,0,0,0,15091,0.6256078197876352,0.6256078197876352,-,-,8398,0,0,8398,8941,17339,2361,1542
RN3,NHS England South West ,Great Western Hospitals NHS Foundation Trust,18186,0,0,0,16269,15055,1214,34455,8452,0,0,0,16269,15055,1214,23507,9734,0,0,0,16269,15055,1214,10948,0.6822522130314903,0.46475310678543935,-,0.9253795562111992,8051,0,0,8051,3702,11753,2773,1343
RVJ,NHS England South West ,North Bristol NHS Trust,26915,0,0,0,0,0,0,26915,16962,0,0,0,0,0,0,16962,9953,0,0,0,0,0,0,9953,0.6302062047185584,0.6302062047185584,-,-,9874,0,0,9874,7220,17094,2897,1570
L83087,NHS England South West ,Okehampton Medical Centre,0,0,0,0,200,200,0,200,0,0,0,0,200,200,0,200,0,0,0,0,200,200,0,0,1,-,-,1,0,0,0,0,0,0,0,0
NQT5H,NHS England South West ,Paulton Memorial Hospital,0,0,0,0,3441,3417,24,3441,0,0,0,0,3441,3417,24,3417,0,0,0,0,3441,3417,24,24,0.993025283347864,-,-,0.993025283347864,0,0,0,0,0,0,0,0
REF,NHS England South West ,Royal Cornwall Hospitals NHS Trust,19973,0,0,0,33263,31486,1777,53236,9231,0,0,0,33263,31486,1777,40717,10742,0,0,0,33263,31486,1777,12519,0.7648395822375836,0.4621739348119962,-,0.9465772780566997,7479,0,118,7597,3923,11520,3563,1769
RH8,NHS England South West ,Royal Devon University Healthcare NHS Foundation Trust,41972,0,0,0,12205,12172,33,54177,24101,0,0,0,12205,12172,33,36273,17871,0,0,0,12205,12172,33,17904,0.6695276593388338,0.574216144096064,-,0.9972961900860303,10021,0,0,10021,5891,15912,3718,900
RD1,NHS England South West ,Royal United Hospitals Bath NHS Foundation Trust,26711,0,0,0,0,0,0,26711,15426,0,0,0,0,0,0,15426,11285,0,0,0,0,0,0,11285,0.5775148815094905,0.5775148815094905,-,-,8685,0,21,8706,6332,15038,3439,632
RNZ,NHS England South West ,Salisbury NHS Foundation Trust,14373,1024,1024,0,5821,5821,0,21218,7844,1024,1024,0,5821,5821,0,14689,6529,1024,1024,0,5821,5821,0,6529,0.6922895654632859,0.5457454950253948,1,1,4029,0,0,4029,2971,7000,1716,470
NLX,NHS England South West ,Sirona Care & Health,0,0,0,0,24892,24203,689,24892,0,0,0,0,24892,24203,689,24203,0,0,0,0,24892,24203,689,689,0.9723204242326852,-,-,0.9723204242326852,0,0,0,0,0,0,0,0
RH5,NHS England South West ,Somerset NHS Foundation Trust,34468,0,0,0,28211,27361,850,62679,16617,0,0,0,28211,27361,850,43978,17851,0,0,0,28211,27361,850,18701,0.7016385073150497,0.48209933851688525,-,0.9698699089007834,8795,0,0,8795,4939,13734,2362,599
RYF,NHS England South West ,South Western Ambulance Service NHS Foundation Trust,0,0,0,0,5900,5812,88,5900,0,0,0,0,5900,5812,88,5812,0,0,0,0,5900,5812,88,88,0.9850847457627119,-,-,0.9850847457627119,0,0,0,0,0,0,0,0
AAH,NHS England South West ,Tetbury Hospital Trust Ltd,0,0,0,0,1793,1791,2,1793,0,0,0,0,1793,1791,2,1791,0,0,0,0,1793,1791,2,2,0.9988845510317903,-,-,0.9988845510317903,0,0,0,0,0,0,0,0
RA9,NHS England South West ,Torbay And South Devon NHS Foundation Trust,20620,0,0,0,9781,9763,18,30401,10596,0,0,0,9781,9763,18,20359,10024,0,0,0,9781,9763,18,10042,0.6696819183579488,0.5138700290979631,-,0.9981596973724568,6265,0,0,6265,3693,9958,754,246
G3P9C,NHS England South West ,Trowbridge Minor Injuries Unit ,0,0,0,0,3381,3374,7,3381,0,0,0,0,3381,3374,7,3374,0,0,0,0,3381,3374,7,7,0.9979296066252588,-,-,0.9979296066252588,0,0,0,0,0,0,0,0
RA7,NHS England South West ,University Hospitals Bristol And Weston NHS Foundation Trust,47051,7334,6681,653,0,0,0,54385,29535,7334,6681,653,0,0,0,36216,17516,7334,6681,653,0,0,0,18169,0.6659189114645583,0.6277231089668658,0.9109626397600218,-,14436,32,0,14468,4808,19276,5016,1762
R0D,NHS England South West ,University Hospitals Dorset NHS Foundation Trust,43337,0,0,0,11531,11531,0,54868,24106,0,0,0,11531,11531,0,35637,19231,0,0,0,11531,11531,0,19231,0.6495042647809288,0.556245240787318,-,1,12341,3,0,12344,7578,19922,4745,1653
RK9,NHS England South West ,University Hospitals Plymouth NHS Trust,25712,448,398,50,23083,22633,450,49243,9449,448,398,50,23083,22633,450,32480,16263,448,398,50,23083,22633,450,16763,0.659586134069817,0.3674937772246422,0.8883928571428571,0.9805051336481393,9000,0,0,9000,5465,14465,3518,1750
