Code,Region,Name,total_attendances,pct_within_4h_all,predicted_4h_pct,residual,abs_error_pct,error_band,performance_gap,meets_target,t1_share,admission_rate,dta_4h_rate,dta_12h_rate
RC9,NHS England East Of England ,Bedfordshire Hospitals NHS Foundation Trust,78705,0.7770916714312941,0.7780548571860714,-0.0009631857547772738,0.09631857547772738,<2%,0.01805485718607136,True,0.6394002922304809,0.29337399148719906,0.0052601486563750716,0.0021853757702814305
RGT,NHS England East Of England ,Cambridge University Hospitals NHS Foundation Trust,50512,0.6954189103579348,0.7295645313571787,-0.0341456209992439,3.4145620999243897,2-5%,-0.030435468642821317,False,0.6762551472917326,0.19698289515362685,0.06467770034843205,0.03347719353816915
RWH,NHS England East Of England ,East And North Hertfordshire NHS Trust,52403,0.7079174856401351,0.7440152355720119,-0.036097749931876755,3.6097749931876755,2-5%,-0.01598476442798813,False,0.5251226074843043,0.1450680304562716,0.040303036085720285,0.011602389176192203
RDE,NHS England East Of England ,East Suffolk And North Essex NHS Foundation Trust,71599,0.7567144792525036,0.7584447622163805,-0.0017302829638768946,0.17302829638768946,<2%,-0.0015552377836195452,False,0.46105392533415274,0.21683263732733699,0.058324836939063394,0.025852316373133705
RY4,NHS England East Of England ,Hertfordshire Community NHS Trust,3284,0.983252131546894,0.9907116992087729,-0.007459567661878941,0.7459567661878941,<2%,0.23071169920877288,True,0.0,0.0,0.0,0.0
DT301,NHS England East Of England ,Herts Urgent Care (Ascots Lane),5877,0.9562702058873574,0.9914486290609466,-0.0351784231735891,3.51784231735891,2-5%,0.23144862906094654,True,0.0,0.0,0.0,0.0
RGP,NHS England East Of England ,James Paget University Hospitals NHS Foundation Trust,26620,0.717129977460556,0.6845536232983006,0.03257635416225535,3.257635416225535,2-5%,-0.0754463767016994,False,0.8151389932381667,0.2329451540195342,0.10349361382419234,0.045154019534184825
RAJ,NHS England East Of England ,Mid And South Essex NHS Foundation Trust,102254,0.6623603966592994,0.6777406490576611,-0.015380252398361716,1.5380252398361716,<2%,-0.08225935094233894,False,0.7732704833062766,0.282463277720187,0.09875408296985937,0.028634576642478534
RD8,NHS England East Of England ,Milton Keynes University Hospital NHS Foundation Trust,43261,0.723792792584545,0.7542697851099907,-0.030476992525445668,3.0476992525445668,2-5%,-0.005730214890009355,False,0.6041700376782784,0.19148886988280436,0.04958276507709022,0.0
RM1,NHS England East Of England ,Norfolk And Norwich University Hospitals NHS Foundation Trust,59871,0.8076030131449282,0.7467316205506317,0.060871392594296525,6.0871392594296525,5-10%,-0.013268379449368317,True,0.6263299427101602,0.18668470545005095,0.05226236408277797,0.02047735965659501
RGN,NHS England East Of England ,North West Anglia NHS Foundation Trust,61666,0.6907209807673597,0.7096740742969471,-0.018953093529587406,1.8953093529587406,<2%,-0.05032592570305294,False,0.7532351701099471,0.25780819252100023,0.07102779489507995,0.047384296046443744
Y02428,NHS England East Of England ,Putnoe Medical Centre Walk In Centre,8449,1.0,0.9912695841289559,0.008730415871044062,0.8730415871044062,<2%,0.23126958412895593,True,0.0,0.0,0.0,0.0
RQW,NHS England East Of England ,The Princess Alexandra Hospital NHS Trust,33861,0.802516169044033,0.7733242701090484,0.02919189893498464,2.919189893498464,2-5%,0.013324270109048353,True,0.7606095508106672,0.19444198340273472,0.06777708868609905,0.023183012905702727
RCX,NHS England East Of England ,"The Queen Elizabeth Hospital, King's Lynn, NHS Foundation Trust",25362,0.6531424966485293,0.695396244149588,-0.0422537475010587,4.22537475010587,2-5%,-0.064603755850412,False,0.7794337985963252,0.26890623767841654,0.07645296112293982,0.018452803406671398
RWG,NHS England East Of England ,West Hertfordshire Teaching Hospitals NHS Trust,49921,0.8579155065002704,0.781895187575352,0.07602031892491834,7.6020318924918335,5-10%,0.021895187575352026,True,0.5082029606778711,0.3193245327617636,0.04268744616494061,0.0015224054005328418
RGR,NHS England East Of England ,West Suffolk NHS Foundation Trust,26076,0.7165209387942936,0.6521074195003046,0.06441351929398897,6.4413519293988974,5-10%,-0.10789258049969541,False,0.8907424451603007,0.2506902899217671,0.10998619420156466,0.05740911182696733
G0Q0L,NHS England London,Barking Hospital Utc,8285,0.9945684972842488,0.9903925104598873,0.004175986824361488,0.41759868243614884,<2%,0.2303925104598873,True,0.0,0.0,0.0,0.0
RF4,NHS England London,"Barking, Havering And Redbridge University Hospitals NHS Trust",89408,0.7764517716535433,0.7628911369243884,0.013560634729154919,1.356063472915492,<2%,0.00289113692438836,True,0.44903140658554047,0.18552031138153185,0.04820597709377237,0.029046617752326413
R1H,NHS England London,Barts Health NHS Trust,131013,0.7338203079083755,0.7599195227731057,-0.026099214864730214,2.6099214864730214,2-5%,-8.047722689430437e-05,False,0.5821025394426508,0.12891850427056856,0.05198720737636723,0.029233740163189914
AD913,NHS England London,Beckenham Beacon Ucc,10741,0.9968345591658132,0.9671510398347177,0.029683519331095476,2.9683519331095476,2-5%,0.20715103983471772,True,0.0,0.0,0.0,0.0
RYX,NHS England London,Central London Community Healthcare NHS Trust,36718,0.9842584018737404,0.9744607295637792,0.009797672309961203,0.9797672309961203,<2%,0.21446072956377915,True,0.0,0.0,0.0,0.0
RQM,NHS England London,Chelsea And Westminster Hospital NHS Foundation Trust,80218,0.7827046298835673,0.7658720052621312,0.016832624621436088,1.6832624621436088,<2%,0.005872005262131164,True,0.7604901643022763,0.11994814131491685,0.03949238325562841,0.0017701762696651624
RJ6,NHS England London,Croydon Health Services NHS Trust,54058,0.7464575086018721,0.7495525400822362,-0.003095031480364052,0.3095031480364052,<2%,-0.010447459917763857,False,0.7246106034259499,0.06933293869547523,0.053775574383070034,0.04027156017610715
RVR,NHS England London,Epsom And St Helier University Hospitals NHS Trust,39586,0.7401101399484666,0.7054625878029316,0.034647552145535054,3.4647552145535054,2-5%,-0.054537412197068424,False,0.8404233820037387,0.16366897387965443,0.10410246046582125,0.06085484767341989
RJ1,NHS England London,Guy's And St Thomas' NHS Foundation Trust,50407,0.7540619358422441,0.7565836753435515,-0.0025217395013074073,0.25217395013074073,<2%,-0.0034163246564484773,False,0.6079115995794235,0.13744122840081735,0.012418910072013808,0.003868510325946793
K6K0R,NHS England London,Harold Wood Polyclinic Utc,8388,0.9946351931330472,0.9909052923185139,0.0037299008145332824,0.37299008145332824,<2%,0.23090529231851387,True,0.0,0.0,0.0,0.0
RQX,NHS England London,Homerton Healthcare NHS Foundation Trust,32958,0.8243522058377328,0.7887291559345796,0.03562304990315324,3.5623049903153237,2-5%,0.028729155934579587,True,1.0,0.203531767704351,0.023454093088172825,0.002336306814733904
RYJ,NHS England London,Imperial College Healthcare NHS Trust,68507,0.7759061117841972,0.7633431728843388,0.012562938899858378,1.2562938899858378,<2%,0.0033431728843388298,True,0.5273329732728043,0.20259243580947933,0.02390996540499511,0.0
RJZ,NHS England London,King's College Hospital NHS Foundation Trust,75667,0.6942920956295346,0.6994022368142562,-0.005110141184721528,0.5110141184721528,<2%,-0.060597763185743836,False,0.6216316227681816,0.15211386733979146,0.09376610675723895,0.034876498341417
RAX,NHS England London,Kingston And Richmond  NHS Foundation Trust,44664,0.7368798137202222,0.7554655825203069,-0.01858576880008478,1.8585768800084779,<2%,-0.004534417479693076,False,0.469013075407487,0.23757388500806018,0.04970445996775927,0.0323302883754254
RJ2,NHS England London,Lewisham And Greenwich NHS Trust,99358,0.7402121620805572,0.7634322354152552,-0.023220073334698,2.3220073334698,2-5%,0.0034322354152551693,False,0.4841079731878661,0.12685440528190986,0.053916141629259846,0.021467823426397473
R1K,NHS England London,London North West University Healthcare NHS Trust,84996,0.7690244246788084,0.7625817348888723,0.006442689789936118,0.6442689789936118,<2%,0.0025817348888722558,True,0.4678337804131959,0.23535225187067627,0.04122546943385571,0.018330274365852512
RP6,NHS England London,Moorfields Eye Hospital NHS Foundation Trust,17377,0.971744259653565,0.9421556056355506,0.02958865401801447,2.958865401801447,2-5%,0.18215560563555055,True,0.0,0.0420671001899062,0.0,0.0
RAT,NHS England London,North East London NHS Foundation Trust,5124,0.9734582357533176,0.9877843540971571,-0.014326118343839567,1.4326118343839567,<2%,0.22778435409715714,True,0.0,0.0,0.0,0.0
RAL,NHS England London,Royal Free London NHS Foundation Trust,127535,0.7776531932410711,0.7552695458193329,0.02238364742173815,2.238364742173815,2-5%,-0.0047304541806670874,True,0.6195867800995805,0.16869094758301642,0.06771474497196849,0.04821421570549261
RJ7,NHS England London,St George's University Hospitals NHS Foundation Trust,38734,0.766174420405845,0.7377788524577531,0.02839556794809195,2.839556794809195,2-5%,-0.02222114754224691,True,0.6967005731398771,0.18789693809056643,0.07592812516135694,0.04172045231579491
RAS,NHS England London,The Hillingdon Hospitals NHS Foundation Trust,34969,0.7973347822356944,0.7820983306869043,0.015236451548790164,1.5236451548790164,<2%,0.022098330686904255,True,0.4414195430238211,0.1559667133747033,0.04578340816151449,0.0018873859704309531
Y03218,NHS England London,The Pinn Unregistered Wic,2771,1.0,0.997014311331375,0.0029856886686250306,0.29856886686250306,<2%,0.23701431133137496,True,0.0,0.0,0.0,0.0
RRV,NHS England London,University College London Hospitals NHS Foundation Trust,40856,0.7488496181711376,0.7596418317514936,-0.01079221358035598,1.079221358035598,<2%,-0.0003581682485064297,False,1.0,0.12561190522811827,0.04293127080477776,0.01639906011356961
RKE,NHS England London,Whittington Health NHS Trust,26734,0.7210294007630732,0.7302188280931754,-0.009189427330102196,0.9189427330102196,<2%,-0.02978117190682461,False,1.0,0.15732774743771977,0.05902595945238273,0.0329916959676816
NL7,NHS England Midlands ,Assura Vertis Urgent Care Centres (Birmingham),9640,1.0,0.9932107836042341,0.006789216395765907,0.6789216395765907,<2%,0.23321078360423408,True,0.0,0.0,0.0,0.0
8J094,NHS England Midlands ,Badger Ltd,6534,1.0,0.9940866329442195,0.005913367055780494,0.5913367055780494,<2%,0.2340866329442195,True,0.0,0.0,0.0,0.0
RQ3,NHS England Midlands ,Birmingham Women's And Children's NHS Foundation Trust,14091,0.7703498687105245,0.7981807591168745,-0.027830890406350006,2.7830890406350006,2-5%,0.03818075911687446,True,1.0,0.17692143921652118,0.007309630260449933,0.0004967709885742673
RFS,NHS England Midlands ,Chesterfield Royal Hospital NHS Foundation Trust,37661,0.6838639441331882,0.7124666627967329,-0.02860271866354469,2.860271866354469,2-5%,-0.047533337203267134,False,0.5468256286343963,0.17344202225113511,0.08210084703008418,0.032739438676615065
RY8,NHS England Midlands ,Derbyshire Community Health Services NHS Foundation Trust,25555,0.9591860692623752,0.9742348543605406,-0.01504878509816543,1.504878509816543,<2%,0.21423485436054057,True,0.0,0.0,0.0,0.0
NNJ,NHS England Midlands ,Dhu Health Care C.I.C,5724,0.9980782669461916,0.9935931042955479,0.004485162650643693,0.44851626506436926,<2%,0.23359310429554792,True,0.0,0.0,0.0,0.0
NNJ10,NHS England Midlands ,Enderby Leisure Centre,493,0.9979716024340772,0.995912112371439,0.0020594900626382806,0.20594900626382806,<2%,0.23591211237143894,True,0.0,0.0,0.0,0.0
Y03007,NHS England Midlands ,Erdington GP Health & Wellbeing Wic,5236,1.0,0.9930607267339809,0.006939273266019064,0.6939273266019064,<2%,0.23306072673398093,True,0.0,0.0,0.0,0.0
RLT,NHS England Midlands ,George Eliot Hospital NHS Trust,25897,0.8181642661312121,0.7608157224648078,0.057348543666404295,5.7348543666404295,5-10%,0.0008157224648077666,True,0.8114453411592076,0.13665675560875779,0.07000810904738,0.03587288102869058
RNQ,NHS England Midlands ,Kettering General Hospital NHS Foundation Trust,58494,0.7916709406092932,0.7575949105106274,0.03407603009866578,3.4076030098665777,2-5%,-0.0024050894893725694,True,0.5519711423393853,0.11472971586829418,0.060570314904092724,0.02925086333641057
C82038,NHS England Midlands ,Latham House Medical Practice,996,1.0,0.9977367269491422,0.002263273050857828,0.2263273050857828,<2%,0.23773672694914216,True,0.0,0.0,0.0,0.0
RY5,NHS England Midlands ,Lincolnshire Community Health Services NHS Trust,23754,0.9817293929443462,0.9775165472232978,0.004212845721048408,0.4212845721048408,<2%,0.21751654722329783,True,0.0,0.0,0.0,0.0
NNJ0H,NHS England Midlands ,Llr Ea - The Merlyn Vaz Health & Social Care Centre,7939,0.9983625141705504,0.9944269214588037,0.003935592711746705,0.3935592711746705,<2%,0.23442692145880373,True,0.0,0.0,0.0,0.0
NNJ07,NHS England Midlands ,Loughborough Urgent Care Centre,22434,0.9934028706427744,0.9794398540000545,0.013963016642719928,1.3963016642719928,<2%,0.2194398540000545,True,0.0,0.0,0.0,0.0
NNJ11,NHS England Midlands ,Lutterworth Hospital,299,1.0,0.995912112371439,0.004087887628561049,0.4087887628561049,<2%,0.23591211237143894,True,0.0,0.0,0.0,0.0
NNJ12,NHS England Midlands ,Market Harborough,1595,0.9993730407523512,0.9987479306913144,0.0006251100610368265,0.06251100610368265,<2%,0.2387479306913144,True,0.0,0.0,0.0,0.0
C82009,NHS England Midlands ,Market Harborough Med.Ctr,743,1.0,0.996683380235081,0.0033166197649190376,0.33166197649190376,<2%,0.23668338023508095,True,0.0,0.0,0.0,0.0
NNJ13,NHS England Midlands ,Melton Mowbray,1247,0.9975942261427426,0.9983668148228355,-0.0007725886800928894,0.07725886800928894,<2%,0.2383668148228355,True,0.0,0.0,0.0,0.0
RNS,NHS England Midlands ,Northampton General Hospital NHS Trust,39487,0.7026616354749664,0.6910768679945549,0.011584767480411484,1.1584767480411484,<2%,-0.06892313200544509,False,0.7994023349456784,0.22100944614683313,0.09451211791222427,0.06447691645351634
RX1,NHS England Midlands ,Nottingham University Hospitals NHS Trust,71245,0.6319039932626851,0.6948651611475354,-0.06296116788485029,6.296116788485029,5-10%,-0.06513483885246463,False,0.5246683977823006,0.37758439188715,0.052186118324092916,0.046220787423678855
NNJ14,NHS England Midlands ,Oadby,8936,0.9942927484333036,0.9933168600800903,0.0009758883532132723,0.09758883532132723,<2%,0.23331686008009034,True,0.0,0.0,0.0,0.0
NNJ15,NHS England Midlands ,Oakham,1693,0.9988186650915536,0.9989292167621336,-0.00011055167058005022,0.011055167058005022,<2%,0.23892921676213363,True,0.0,0.0,0.0,0.0
RXK,NHS England Midlands ,Sandwell And West Birmingham Hospitals NHS Trust,62233,0.7257564314752624,0.7419830142544297,-0.01622658277916733,1.6226582779167331,<2%,-0.018016985745570313,False,0.5597673260167435,0.13168254784439123,0.06133401892886411,0.027397040155544485
RK5,NHS England Midlands ,Sherwood Forest Hospitals NHS Foundation Trust,49729,0.7303786522954413,0.7384579341338577,-0.008079281838416441,0.8079281838416441,<2%,-0.021542065866142268,False,0.6773311347503469,0.24333889682076856,0.07518751633855497,0.02676506666130427
R1D,NHS England Midlands ,Shropshire Community Health NHS Trust,8934,0.9966420416386836,0.9933279082440571,0.003314133394626495,0.3314133394626495,<2%,0.23332790824405714,True,0.0,0.0,0.0,0.0
C83023,NHS England Midlands ,Sleaford Medical Group,1579,1.0,0.998521259740613,0.0014787402593869903,0.14787402593869903,<2%,0.238521259740613,True,0.0,0.005699810006333122,0.0,0.0
Y02615,NHS England Midlands ,South Birmingham GP Walk In Centre,11107,1.0,0.9672747677999172,0.03272523220008283,3.272523220008283,2-5%,0.20727476779991716,True,0.0,0.0,0.0,0.0
RJC,NHS England Midlands ,South Warwickshire NHS Foundation Trust,25576,0.739169533938067,0.687641299055069,0.05152823488299796,5.152823488299796,5-10%,-0.07235870094493102,False,0.9549577729121052,0.28155301845480135,0.0759696590553644,0.017751016578041914
NQTE4,NHS England Midlands ,Summerfield Urgent Care Centre,8681,1.0,0.9926936101640106,0.007306389835989413,0.7306389835989413,<2%,0.23269361016401058,True,0.0,0.0,0.0,0.0
RNA,NHS England Midlands ,The Dudley Group NHS Foundation Trust,42992,0.7869371045775958,0.7009251929900676,0.08601191158752819,8.601191158752819,5-10%,-0.059074807009932395,True,0.6781261630070711,0.4266607740975065,0.14670171194640863,0.007792147376256047
RL4,NHS England Midlands ,The Royal Wolverhampton NHS Trust,59822,0.7870515863729063,0.7434204715932998,0.04363111477960646,4.363111477960646,2-5%,-0.016579528406700184,True,0.5571027381230985,0.3453746113469961,0.07268229079602821,0.03064090134064391
RXW,NHS England Midlands ,The Shrewsbury And Telford Hospital NHS Trust,39378,0.5200619635329372,0.5749809455425383,-0.0549189820096011,5.49189820096011,5-10%,-0.1850190544574617,False,0.8104779318401137,0.44258215247092286,0.14797602722332268,0.10513484686881
RWD,NHS England Midlands ,United Lincolnshire Teaching Hospitals NHS Trust,65896,0.6800261017360689,0.678344142078399,0.0016819596576699292,0.16819596576699292,<2%,-0.08165585792160102,False,0.7935079519242443,0.2780593662741289,0.09129537452956174,0.061050746631054996
RRK,NHS England Midlands ,University Hospitals Birmingham NHS Foundation Trust,109724,0.625451131931027,0.6244536466037367,0.0009974853272902706,0.09974853272902706,<2%,-0.1355463533962633,False,0.901270460427983,0.4892457438664285,0.11982793190186286,0.05021690787794831
RKB,NHS England Midlands ,University Hospitals Coventry And Warwickshire NHS Trust,62485,0.7444826758422022,0.7876746340561463,-0.04319195821394417,4.319195821394417,2-5%,0.02767463405614634,False,0.5967352164519485,0.06508762102904697,0.0028486836840841802,0.0005281267504201008
RTG,NHS England Midlands ,University Hospitals Of Derby And Burton NHS Foundation Trust,89665,0.6808676741203368,0.7505522278936869,-0.06968455377335014,6.968455377335014,5-10%,-0.00944777210631309,False,0.7001505604193387,0.19965426866670385,0.06767412033680924,0.030402052082752467
RWE,NHS England Midlands ,University Hospitals Of Leicester NHS Trust,72648,0.6379115736152406,0.6504026108146923,-0.01249103719945166,1.249103719945166,<2%,-0.1095973891853077,False,0.918056932055941,0.44843629556216275,0.08699482435855083,0.03215504900341372
RJE,NHS England Midlands ,University Hospitals Of North Midlands NHS Trust,71761,0.6496983040927523,0.6784150382619898,-0.02871673416923748,2.871673416923748,2-5%,-0.08158496173801022,False,0.6263011942419977,0.24323797048536114,0.08885048982037597,0.041958724098047684
RBK,NHS England Midlands ,Walsall Healthcare NHS Trust,40558,0.7737807584200405,0.6761401369933576,0.09764062142668284,9.764062142668283,5-10%,-0.08385986300664239,True,0.7025247793283692,0.37881552344790176,0.09855022437003796,0.028748952117954533
RWP,NHS England Midlands ,Worcestershire Acute Hospitals NHS Trust,56400,0.6726241134751773,0.6840074419416768,-0.011383328466499587,1.1383328466499587,<2%,-0.07599255805832317,False,0.7156382978723405,0.21111702127659573,0.10313829787234043,0.05895390070921986
RLQ,NHS England Midlands ,Wye Valley NHS Trust,21084,0.6395845190665908,0.6635154724588026,-0.02393095339221185,2.393095339221185,2-5%,-0.0964845275411974,False,0.8484632896983495,0.22215898311515841,0.10439195598558149,0.03523999241130715
RCF,NHS England North East And Yorkshire ,Airedale NHS Foundation Trust,19210,0.6373243102550755,0.6084804353582077,0.028843874896867794,2.8843874896867794,2-5%,-0.15151956464179228,False,0.9661114003123373,0.3193128578865174,0.12488287350338366,0.05158771473191046
RFF,NHS England North East And Yorkshire ,Barnsley Hospital NHS Foundation Trust,27376,0.7306399766218585,0.7166012136044334,0.014038763017425127,1.4038763017425127,<2%,-0.0433987863955666,False,1.0,0.41992986557568673,0.058080070134424316,0.0007305669199298656
RAE,NHS England North East And Yorkshire ,Bradford Teaching Hospitals NHS Foundation Trust,39792,0.8373793727382388,0.7926596983246283,0.044719674413610466,4.471967441361047,2-5%,0.03265969832462834,True,0.6880026135906715,0.2887766385203056,0.051568154402895056,0.006106755126658625
NNF09,NHS England North East And Yorkshire ,Bransholme Health Centre,11287,0.9034287233100028,0.9603091096018525,-0.05688038629184966,5.688038629184966,5-10%,0.20030910960185244,True,0.0,0.0,0.0,0.0
NNF16,NHS England North East And Yorkshire ,Bridlington Hospital,4419,0.9748811948404617,0.987081659357245,-0.01220046451678336,1.220046451678336,<2%,0.227081659357245,True,0.0,0.0,0.0,0.0
RWY,NHS England North East And Yorkshire ,Calderdale And Huddersfield NHS Foundation Trust,46347,0.8380046173430858,0.7640432041514179,0.07396141319166794,7.3961413191667935,5-10%,0.004043204151417901,True,1.0,0.19822210714825123,0.08654281830539194,0.007184931063499256
RXP,NHS England North East And Yorkshire ,County Durham And Darlington NHS Foundation Trust,69752,0.7719778644339947,0.7560905877735928,0.015887276660401906,1.5887276660401906,<2%,-0.003909412226407172,True,0.5396977864433995,0.22565661199678863,0.07992602362656268,0.0010465649730473678
RP5,NHS England North East And Yorkshire ,Doncaster And Bassetlaw Teaching Hospitals NHS Foundation Trust,52609,0.7212644224372255,0.7057650563994639,0.015499366037761697,1.5499366037761697,<2%,-0.054234943600536156,False,0.7737079206979794,0.30857838012507366,0.07799045790644187,0.012089186260905929
NNF94,NHS England North East And Yorkshire ,East Riding Community Hospital,8165,0.941579914268218,0.9796512371485058,-0.038071322880287806,3.8071322880287806,2-5%,0.21965123714850576,True,0.0,0.0,0.0,0.0
RR7,NHS England North East And Yorkshire ,Gateshead Health NHS Foundation Trust,30268,0.7308378485529272,0.7419139288721254,-0.011076080319198156,1.1076080319198156,<2%,-0.018086071127874637,False,0.5716928769657724,0.17219505748645433,0.08345447337121713,0.0004955728822518832
NNFA7,NHS England North East And Yorkshire ,Goole & District Hospital,5026,0.9880620771985674,0.987140368037714,0.0009217091608534345,0.09217091608534345,<2%,0.22714036803771398,True,0.0,0.0,0.0,0.0
RCD,NHS England North East And Yorkshire ,Harrogate And District NHS Foundation Trust,19986,0.7575302711898328,0.7739407712636419,-0.016410500073809065,1.6410500073809065,<2%,0.013940771263641905,False,0.7877013909736815,0.2137996597618333,0.05148604022815971,0.003252276593615531
RWA,NHS England North East And Yorkshire ,Hull University Teaching Hospitals NHS Trust,41548,0.6143255993068258,0.64365285525119,-0.02932725594436414,2.932725594436414,2-5%,-0.11634714474881003,False,0.7009964378550111,0.4344132088187157,0.10763454317897372,0.039496485992105514
RV9,NHS England North East And Yorkshire ,Humber Teaching NHS Foundation Trust,3153,0.9977798921661908,0.9954371050570194,0.0023427871091713515,0.23427871091713515,<2%,0.23543710505701942,True,0.0,0.0,0.0,0.0
RR8,NHS England North East And Yorkshire ,Leeds Teaching Hospitals NHS Trust,89478,0.7584992959163146,0.7556410166302284,0.002858279286086174,0.2858279286086174,<2%,-0.004358983369771585,False,0.6018797916806365,0.16167102527995708,0.06847493238561433,0.02769395829142359
ARN03,NHS England North East And Yorkshire ,Local Care Direct,7741,0.996512078542824,0.9907503991210289,0.005761679421795063,0.5761679421795063,<2%,0.2307503991210289,True,0.0,0.0,0.0,0.0
RXF,NHS England North East And Yorkshire ,Mid Yorkshire Hospitals NHS Trust,67577,0.722405552184915,0.6994310732471963,0.022974478937718645,2.2974478937718645,2-5%,-0.060568926752803676,False,0.7112775056602099,0.19121890584074464,0.12425825354780473,0.0289447593116001
RNN,NHS England North East And Yorkshire ,North Cumbria Integrated Care NHS Foundation Trust,31204,0.6091847199077042,0.6530380909618614,-0.04385337105415721,4.38533710541572,2-5%,-0.10696190903813863,False,0.8445071144725035,0.23612357390078195,0.10229457761825407,0.04252659915395462
RVW,NHS England North East And Yorkshire ,North Tees And Hartlepool NHS Foundation Trust,47967,0.8326557841849604,0.7966227511748243,0.03603303301013616,3.603303301013616,2-5%,0.036622751174824275,True,0.30600204307127815,0.2883440698813768,0.015990159901599015,0.0021890049408968665
RJL,NHS England North East And Yorkshire ,Northern Lincolnshire And Goole NHS Foundation Trust,50695,0.7022980570075944,0.6888491438974088,0.01344891311018559,1.344891311018559,<2%,-0.0711508561025912,False,0.5920307722655094,0.3504290363941217,0.09298747410987276,0.05381201301903541
RTF,NHS England North East And Yorkshire ,Northumbria Healthcare NHS Foundation Trust,69129,0.8847372303953478,0.8596271095024306,0.025110120892917198,2.51101208929172,2-5%,0.09962710950243059,True,0.44788728319518584,0.20011861881410117,0.002256650609729636,0.0
RCU,NHS England North East And Yorkshire ,Sheffield Children's NHS Foundation Trust,14886,0.9506919252989386,0.865049506604267,0.0856424186946716,8.56424186946716,5-10%,0.10504950660426704,True,0.9061534327556093,0.2309552599758162,0.0018137847642079807,0.0
RHQ,NHS England North East And Yorkshire ,Sheffield Teaching Hospitals NHS Foundation Trust,55251,0.7249280556008036,0.7419491618527424,-0.017021106251938756,1.7021106251938756,<2%,-0.01805083814725761,False,0.4915748131255543,0.3605726593183834,0.061302057881305314,0.0005429765977086388
RTR,NHS England North East And Yorkshire ,South Tees Hospitals NHS Foundation Trust,55826,0.7780604019632429,0.7818939416686111,-0.0038335397053682607,0.38335397053682607,<2%,0.02189394166861114,True,0.40040482929101134,0.27743345394618996,0.024415147064092,0.001773367248235589
R0B,NHS England North East And Yorkshire ,South Tyneside And Sunderland NHS Foundation Trust,60318,0.7117112636360622,0.7422434491313938,-0.030532185495331654,3.0532185495331654,2-5%,-0.01775655086860617,False,0.5961404555853974,0.2859511257004543,0.03511389634934845,1.6578799031798137e-05
RTD,NHS England North East And Yorkshire ,The Newcastle Upon Tyne Hospitals NHS Foundation Trust,67389,0.7719657510869726,0.764858416484991,0.007107334601981652,0.7107334601981652,<2%,0.004858416484990968,True,0.4945911053732805,0.30280906379379424,0.025063437653029427,0.0014839217082906705
RFR,NHS England North East And Yorkshire ,The Rotherham NHS Foundation Trust,28320,0.6679378531073447,0.6830863532846071,-0.015148500177262436,1.5148500177262436,<2%,-0.07691364671539291,False,1.0,0.23100282485875706,0.10413135593220339,0.007274011299435028
AJN,NHS England North East And Yorkshire ,Workington Health Limited,1156,1.0,0.9976730489813497,0.002326951018650325,0.2326951018650325,<2%,0.23767304898134967,True,0.0,0.0,0.0,0.0
RCB,NHS England North East And Yorkshire ,York And Scarborough Teaching Hospitals NHS Foundation Trust,53853,0.6623586429725363,0.6997575517169149,-0.03739890874437857,3.7398908744378567,2-5%,-0.060242448283085115,False,0.6219894899077117,0.37440811096874826,0.07095240747962045,0.029209143408909437
RBS,NHS England North West ,Alder Hey Children's NHS Foundation Trust,18228,0.8335527759490893,0.8762216361990528,-0.042668860249963525,4.266886024996353,2-5%,0.11622163619905279,True,1.0,0.18855606758832566,0.0,0.0
RXL,NHS England North West ,Blackpool Teaching Hospitals NHS Foundation Trust,56741,0.7824677041292892,0.7556674915308851,0.02680021259840415,2.680021259840415,2-5%,-0.004332508469114926,True,0.46352725542376766,0.21927706596640878,0.05266033379743043,0.027052748453499233
RMC,NHS England North West ,Bolton NHS Foundation Trust,34888,0.6475578995643201,0.6780284426360516,-0.03047054307173147,3.047054307173147,2-5%,-0.08197155736394846,False,0.700097454712222,0.3140048154093098,0.07959756936482458,0.03978445310708553
RY2,NHS England North West ,Bridgewater Community Healthcare NHS Foundation Trust,9729,0.9859183883235688,0.9835794633772035,0.0023389249463653394,0.23389249463653394,<2%,0.22357946337720347,True,0.0,0.0,0.0,0.0
RJR,NHS England North West ,Countess Of Chester Hospital NHS Foundation Trust,23025,0.592486427795874,0.5924296064450347,5.6821350839286744e-05,0.005682135083928674,<2%,-0.16757039355496528,False,0.6806514657980456,0.3996525515743757,0.13763300760043432,0.10380021715526601
RJN,NHS England North West ,East Cheshire NHS Trust,12984,0.4705791743684535,0.6151196699216661,-0.14454049555321263,14.454049555321264,>10%,-0.1448803300783339,False,0.9836722119531731,0.21942390634627235,0.15095502156500307,0.0956561922365989
RXR,NHS England North West ,East Lancashire Hospitals NHS Trust,72440,0.7897846493649917,0.746588481566092,0.043196167798899676,4.319616779889968,2-5%,-0.013411518433907976,True,0.5471424627277747,0.2419519602429597,0.06318332413031474,0.04752898950855881
RXN,NHS England North West ,Lancashire Teaching Hospitals NHS Foundation Trust,45345,0.6926673282611093,0.6835961126497753,0.00907121561133406,0.907121561133406,<2%,-0.07640388735022474,False,0.7858639320763039,0.2874848384606903,0.09745286139596428,0.028316242143565994
REM,NHS England North West ,Liverpool University Hospitals NHS Foundation Trust,77642,0.6797094356147446,0.6885983488233677,-0.008888913208623062,0.8888913208623062,<2%,-0.07140165117663233,False,0.6273923907163649,0.2919038664640272,0.08005976146930785,0.049496406584065324
REP,NHS England North West ,Liverpool Women's NHS Foundation Trust,4591,0.8865170986713135,0.9421382386466873,-0.05562113997537388,5.562113997537388,5-10%,0.18213823864668732,True,0.0,0.08473099542583315,0.0,0.0
R0A,NHS England North West ,Manchester University NHS Foundation Trust,134292,0.7388749888303101,0.744158216548204,-0.0052832277178939124,0.5283227717893912,<2%,-0.015841783451795988,False,0.6604041938462455,0.14661335001340361,0.08308760015488637,0.0024126530247520327
RW4,NHS England North West ,Mersey Care NHS Foundation Trust,39561,0.9698693157402491,0.9694245126315709,0.0004448031086782267,0.04448031086782267,<2%,0.2094245126315709,True,0.0,0.002805793584590885,0.0,0.0
RBT,NHS England North West ,Mid Cheshire Hospitals NHS Foundation Trust,29895,0.6285331995316943,0.6547542067521289,-0.026221007220434633,2.6221007220434633,2-5%,-0.10524579324787109,False,0.6981100518481351,0.32109048335842116,0.10242515470814517,0.06318782405084462
Y02532,NHS England North West ,Miriam Minor Emergency,4851,1.0,0.9888062563458184,0.011193743654181576,1.1193743654181576,<2%,0.22880625634581842,True,0.0,0.0,0.0,0.0
RM3,NHS England North West ,Northern Care Alliance NHS Foundation Trust,104281,0.7106280146910751,0.6946300346638014,0.015997980027273706,1.5997980027273706,<2%,-0.06536996533619865,False,0.7384470804844603,0.29232554348347256,0.06340560600684689,0.038166108878894524
NV693,NHS England North West ,Rossendale Miu & Ooh,2577,0.9992239037640668,0.9981350027220995,0.0010889010419672385,0.10889010419672385,<2%,0.23813500272209953,True,0.0,0.0,0.0,0.0
NQT5F,NHS England North West ,Skelmersdale Walk In Centre,4724,0.9917442845046572,0.9888062563458184,0.0029380281588388124,0.29380281588388124,<2%,0.22880625634581842,True,0.0,0.0,0.0,0.0
RBN,NHS England North West ,St Helens And Knowsley Teaching Hospitals NHS Trust,72943,0.7309543067874916,0.6992237412643104,0.03173056552318121,3.173056552318121,2-5%,-0.06077625873568959,False,0.7094717793345489,0.33378117159974224,0.03872887048791522,0.02148252745294271
RWJ,NHS England North West ,Stockport NHS Foundation Trust,31427,0.6851433480764947,0.6618795409929722,0.023263807083522492,2.326380708352249,2-5%,-0.09812045900702782,False,0.7712794730645623,0.3446399592706908,0.09472746364590957,0.038247366913800235
RMP,NHS England North West ,Tameside And Glossop Integrated Care NHS Foundation Trust,34279,0.6350243589369585,0.6853905134070369,-0.05036615447007842,5.036615447007842,5-10%,-0.07460948659296307,False,0.7503427754601942,0.16683683888094752,0.08261617900172118,0.05481490125149509
RTX,NHS England North West ,University Hospitals Of Morecambe Bay NHS Foundation Trust,38765,0.7022055978330969,0.6863046338250427,0.015900964008054186,1.5900964008054186,<2%,-0.07369536617495731,False,0.6603121372371985,0.31025409518895913,0.10517219140977686,0.05631368502515156
RWW,NHS England North West ,Warrington And Halton Teaching Hospitals NHS Foundation Trust,28937,0.6403911946642706,0.6279856747812331,0.012405519883037508,1.2405519883037508,<2%,-0.13201432521876688,False,0.7100252272177489,0.19843107440301344,0.1471126930918893,0.0966582575940837
RY7,NHS England North West ,Wirral Community Health And Care NHS Foundation Trust,9696,0.933993399339934,0.9835794633772035,-0.049586064037269506,4.95860640372695,2-5%,0.22357946337720347,True,0.0,0.0,0.0,0.0
RBL,NHS England North West ,Wirral University Teaching Hospital NHS Foundation Trust,32013,0.5963202449005092,0.612357935757615,-0.016037690857105824,1.6037690857105824,<2%,-0.14764206424238502,False,0.7274232343110612,0.3818136382094774,0.11935776090963046,0.07606284946740387
RRF,NHS England North West ,"Wrightington, Wigan And Leigh NHS Foundation Trust",37100,0.6997035040431266,0.70310073592645,-0.003397231883323304,0.3397231883323304,<2%,-0.05689926407355006,False,0.5537466307277628,0.19714285714285715,0.08735849056603774,0.040269541778975744
RTK,NHS England South East ,Ashford And St Peter's Hospitals NHS Foundation Trust,30611,0.6307536506484597,0.6503646043913487,-0.019610953742889015,1.9610953742889015,<2%,-0.10963539560865132,False,0.7392113945967136,0.3258959197674039,0.09068635457841952,0.03877691026101728
NTV0B,NHS England South East ,Ashford Walk-In-Centre,7051,0.9853921429584456,0.9919582704363237,-0.006566127477878103,0.6566127477878103,<2%,0.23195827043632367,True,0.0,0.0,0.0,0.0
RWX,NHS England South East ,Berkshire Healthcare NHS Foundation Trust,3962,0.9904088844018172,0.9882437419438997,0.002165142457917435,0.2165142457917435,<2%,0.22824374194389974,True,0.0,0.023472993437657748,0.0,0.0
Y02676,NHS England South East ,Brighton Station Health Centre,5401,1.0,0.9926255661514822,0.00737443384851777,0.737443384851777,<2%,0.23262556615148222,True,0.0,0.0,0.0,0.0
RXQ,NHS England South East ,Buckinghamshire Healthcare NHS Trust,39941,0.7455747227160061,0.7226391341373507,0.022935588578655408,2.293558857865541,2-5%,-0.037360865862649306,False,0.6913948073408277,0.4068501039032573,0.040409604166145065,0.0260133697203375
RN7,NHS England South East ,Dartford And Gravesham NHS Trust,45895,0.8048589170933653,0.768466052985862,0.03639286410750331,3.639286410750331,2-5%,0.008466052985862005,True,0.7529796274103933,0.2643425209717834,0.06663035189018411,0.029262446889639394
RVV,NHS England South East ,East Kent Hospitals University NHS Foundation Trust,76840,0.7440005205622072,0.7504684335849577,-0.0064679130227505155,0.6467913022750515,<2%,-0.00953156641504227,False,0.5329125455491931,0.15288912024986986,0.06310515356585111,0.042165538781884435
RXC,NHS England South East ,East Sussex Healthcare NHS Trust,43784,0.7257445642243742,0.7464971684968111,-0.02075260427243697,2.075260427243697,2-5%,-0.013502831503188872,False,0.7566919422620135,0.23408094281015895,0.022725196418783115,0.008404896765941897
AQM01,NHS England South East ,Faversham Medical Practice Miu,9145,1.0,0.9884381653734382,0.011561834626561796,1.1561834626561796,<2%,0.2284381653734382,True,0.0,0.0,0.0,0.0
NDJ,NHS England South East ,First Community Health And Care Cic,6643,0.993075417732952,0.9922545116333318,0.0008209060996202666,0.08209060996202666,<2%,0.23225451163333177,True,0.0,0.0,0.0,0.0
RDU,NHS England South East ,Frimley Health NHS Foundation Trust,103857,0.7297534109400425,0.7484747537680468,-0.018721342828004306,1.8721342828004306,<2%,-0.011525246231953168,False,0.6528784771368323,0.19239916423543912,0.05453652618504289,0.0201527099762173
RN5,NHS England South East ,Hampshire Hospitals NHS Foundation Trust,43390,0.6097026964738419,0.6954605092280467,-0.0857578127542048,8.57578127542048,5-10%,-0.06453949077195331,False,0.7012445263885688,0.3291541829914727,0.01926711223784282,0.0019359299377736806
NVE43,NHS England South East ,Hastings GP Led Health Centre,2896,1.0,0.9987271639882619,0.00127283601173811,0.127283601173811,<2%,0.23872716398826188,True,0.0,0.0,0.0,0.0
DJV01,NHS England South East ,Herne Bay Health Care Ltd,7717,1.0,0.992488993676888,0.007511006323111968,0.7511006323111968,<2%,0.23248899367688802,True,0.0,0.0,0.0,0.0
R1F,NHS England South East ,Isle Of Wight NHS Trust,17039,0.7326721051704912,0.7130221333836015,0.019649971786889653,1.9649971786889653,<2%,-0.04697786661639847,False,0.6999823933329421,0.2610481835788485,0.08392511297611362,0.03885204530782323
RYY,NHS England South East ,Kent Community Health NHS Foundation Trust,19314,0.9942010976493736,0.980170572981538,0.014030524667835609,1.4030524667835609,<2%,0.22017057298153797,True,0.0,0.0,0.0,0.0
RWF,NHS England South East ,Maidstone And Tunbridge Wells NHS Trust,64837,0.7786911794191588,0.7513351326303745,0.027356046788784227,2.7356046788784227,2-5%,-0.008664867369625462,True,0.9024014066042537,0.14064500208214445,0.059873220537655966,0.0174745901260083
RPA,NHS England South East ,Medway NHS Foundation Trust,49255,0.7325753730585728,0.7414274533866863,-0.008852080328113465,0.8852080328113465,<2%,-0.018572546613313756,False,0.5847528169728962,0.13241295299969547,0.06559740127905796,0.04785300984671607
RNU,NHS England South East ,Oxford Health NHS Foundation Trust,11551,0.9676218509219982,0.968785178180133,-0.0011633272581348386,0.11633272581348386,<2%,0.20878517818013298,True,0.0,0.0,0.0,0.0
RTH,NHS England South East ,Oxford University Hospitals NHS Foundation Trust,56421,0.7959270484394109,0.736333786854933,0.059593261584477863,5.959326158447786,5-10%,-0.023666213145067005,True,0.7207777246060864,0.5176973112848053,0.022934722886868365,0.0004962691196540296
AQN04,NHS England South East ,Phl Lymington Utc,8542,0.9941465698899556,0.9874869967879347,0.0066595731020209215,0.6659573102020921,<2%,0.22748699678793471,True,0.0,0.0,0.0,0.0
RHU,NHS England South East ,Portsmouth Hospitals University National Health Service Trust,52678,0.7417138084209727,0.6926437560500308,0.04907005237094186,4.907005237094186,2-5%,-0.0673562439499692,False,0.710125669159801,0.3215763696419758,0.11033068833289039,0.06340407760355367
NTP11,NHS England South East ,Practice Plus Group Hospital - Southampton,15205,0.9810588622163762,0.9755593491851655,0.005499513031210657,0.5499513031210657,<2%,0.2155593491851655,True,0.0,0.0,0.0,0.0
NTPAD,NHS England South East ,Practice Plus Group Surgical Centre - St Marys Portsmouth,15695,0.961898693851545,0.9755416135425643,-0.013642919691019273,1.3642919691019273,<2%,0.2155416135425643,True,0.0,0.0,0.0,0.0
RPC,NHS England South East ,Queen Victoria Hospital NHS Foundation Trust,3648,0.990405701754386,0.9635016493143174,0.02690405244006866,2.690405244006866,2-5%,0.20350164931431736,True,0.0,0.4120065789473684,0.0,0.0
RHW,NHS England South East ,Royal Berkshire NHS Foundation Trust,52307,0.7518687747337832,0.750884212724602,0.000984562009181178,0.0984562009181178,<2%,-0.009115787275397969,False,0.7008622172940524,0.14829755099699848,0.030626875943946318,0.001739728908176726
RA2,NHS England South East ,Royal Surrey County Hospital NHS Foundation Trust,28753,0.7242374708726046,0.7224763088388505,0.0017611620337540934,0.17611620337540934,<2%,-0.03752369116114951,False,0.7915347963690745,0.3549890446214308,0.05349007060132856,0.005529857753973498
RW1,NHS England South East ,Southern Health NHS Foundation Trust,8547,0.9897039897039897,0.977411436981788,0.012292552722201644,1.2292552722201644,<2%,0.217411436981788,True,0.0,0.04504504504504504,0.0,0.0
RTP,NHS England South East ,Surrey And Sussex Healthcare NHS Trust,29851,0.5562292720511876,0.5914772767464946,-0.03524800469530709,3.524800469530709,2-5%,-0.16852272325350537,False,1.0,0.38621821714515425,0.12384844728819805,0.07034940203008275
RDR,NHS England South East ,Sussex Community NHS Foundation Trust,33160,0.9867913148371532,0.9760121881422831,0.010779126694870134,1.0779126694870134,<2%,0.21601218814228307,True,0.0,0.0,0.0,0.0
RHM,NHS England South East ,University Hospital Southampton NHS Foundation Trust,36587,0.7089949982234127,0.725370932143705,-0.01637593392029224,1.637593392029224,<2%,-0.03462906785629505,False,0.9046109273785771,0.4445568097958291,0.02951868149889305,0.0008746275999672015
RYR,NHS England South East ,University Hospitals Sussex NHS Foundation Trust,94951,0.6274920748596644,0.6667485237232602,-0.039256448863595805,3.9256448863595805,2-5%,-0.0932514762767398,False,0.8842771534791629,0.3247885751598193,0.061368495329169784,0.03314341081189245
ACH01,NHS England South East ,Whitstable Medical Practice,14508,1.0,0.9750962499066318,0.024903750093368204,2.4903750093368204,2-5%,0.2150962499066318,True,0.0,0.0,0.0,0.0
NTV0W,NHS England South East ,Woking Walk In Centre,8069,0.98810261494609,0.9856244210152988,0.0024781939307911838,0.24781939307911838,<2%,0.22562442101529878,True,0.0,0.0,0.0,0.0
NQT1I,NHS England South West ,Chippenham Community Hospital,4554,0.9850680720245938,0.9905399372981102,-0.005471865273516396,0.5471865273516396,<2%,0.23053993729811018,True,0.0,0.0,0.0,0.0
RBD,NHS England South West ,Dorset County Hospital NHS Foundation Trust,25326,0.7789623312011372,0.7635049009572468,0.015457430243890458,1.5457430243890458,<2%,0.0035049009572467593,True,0.5660191107952302,0.28172628918897574,0.03624733475479744,0.011727078891257996
RTQ,NHS England South West ,Gloucestershire Health And Care NHS Foundation Trust,23464,0.9816314353903852,0.9779761398367882,0.0036552955535970044,0.36552955535970044,<2%,0.2179761398367882,True,0.0,0.0034947153085577907,0.0,0.0
RTE,NHS England South West ,Gloucestershire Hospitals NHS Foundation Trust,40308,0.6256078197876352,0.6522321444470097,-0.026624324659374476,2.6624324659374476,2-5%,-0.10776785555299029,False,1.0,0.4301627468492607,0.058573980351295026,0.038255433164632334
RN3,NHS England South West ,Great Western Hospitals NHS Foundation Trust,34455,0.6822522130314903,0.6856935064404807,-0.0034412934089903535,0.34412934089903535,<2%,-0.07430649355951935,False,0.527818894209839,0.34111159483384124,0.08048178783921056,0.03897837759396314
RVJ,NHS England South West ,North Bristol NHS Trust,26915,0.6302062047185584,0.621496281132453,0.00870992358610534,0.8709923586105339,<2%,-0.13850371886754698,False,1.0,0.635110533159948,0.10763514768716329,0.05833178524986067
L83087,NHS England South West ,Okehampton Medical Centre,200,1.0,0.9952250248462242,0.0047749751537757845,0.47749751537757845,<2%,0.2352250248462242,True,0.0,0.0,0.0,0.0
NQT5H,NHS England South West ,Paulton Memorial Hospital,3441,0.993025283347864,0.9920036142975736,0.0010216690502904413,0.10216690502904413,<2%,0.23200361429757355,True,0.0,0.0,0.0,0.0
REF,NHS England South West ,Royal Cornwall Hospitals NHS Trust,53236,0.7648395822375836,0.752544721661987,0.012294860575596589,1.229486057559659,<2%,-0.007455278338012961,True,0.3751784506724773,0.21639492073033287,0.06692839431963334,0.033229393643399205
RH8,NHS England South West ,Royal Devon University Healthcare NHS Foundation Trust,54177,0.6695276593388338,0.6901503390769884,-0.02062267973815457,2.062267973815457,2-5%,-0.06984966092301159,False,0.7747198995883862,0.2937039703195083,0.06862690809753216,0.01661221551580929
RD1,NHS England South West ,Royal United Hospitals Bath NHS Foundation Trust,26711,0.5775148815094905,0.5979292223458248,-0.02041434083633431,2.041434083633431,2-5%,-0.1620707776541752,False,1.0,0.5629890307364007,0.12874845569241136,0.02366066414585751
RNZ,NHS England South West ,Salisbury NHS Foundation Trust,21218,0.6922895654632859,0.6793916297158396,0.012897935747446354,1.2897935747446354,<2%,-0.08060837028416046,False,0.6773965500989726,0.329908568196814,0.08087472900367612,0.022151003864643228
NLX,NHS England South West ,Sirona Care & Health,24892,0.9723204242326852,0.9761500392063882,-0.003829614973703044,0.3829614973703044,<2%,0.2161500392063882,True,0.0,0.0,0.0,0.0
RH5,NHS England South West ,Somerset NHS Foundation Trust,62679,0.7016385073150497,0.7392303792888062,-0.03759187197375646,3.7591871973756463,2-5%,-0.020769620711193815,False,0.549913049027585,0.21911645048580863,0.037684072815456535,0.009556629812217807
RYF,NHS England South West ,South Western Ambulance Service NHS Foundation Trust,5900,0.985084745762712,0.9920512367091896,-0.00696649094647761,0.696649094647761,<2%,0.2320512367091896,True,0.0,0.0,0.0,0.0
AAH,NHS England South West ,Tetbury Hospital Trust Ltd,1793,0.9988845510317904,0.998644381632545,0.0002401693992454268,0.02401693992454268,<2%,0.23864438163254498,True,0.0,0.0,0.0,0.0
RA9,NHS England South West ,Torbay And South Devon NHS Foundation Trust,30401,0.6696819183579488,0.6924444779521622,-0.022762559594213472,2.276255959421347,2-5%,-0.06755552204783777,False,0.6782671622643992,0.3275550146376764,0.02480181572974573,0.00809183908424065
G3P9C,NHS England South West ,Trowbridge Minor Injuries Unit ,3381,0.9979296066252588,0.9937837354082317,0.004145871217027031,0.41458712170270307,<2%,0.23378373540823172,True,0.0,0.0,0.0,0.0
RA7,NHS England South West ,University Hospitals Bristol And Weston NHS Foundation Trust,54385,0.6659189114645583,0.658266405052251,0.007652506412307303,0.7652506412307303,<2%,-0.10173359494774903,False,0.8651466396984463,0.35443596579939324,0.09223131378137354,0.0323986393306978
R0D,NHS England South West ,University Hospitals Dorset NHS Foundation Trust,54868,0.6495042647809288,0.6683734197041664,-0.018869154923237597,1.8869154923237597,<2%,-0.09162658029583359,False,0.7898410731209448,0.3630895968506233,0.0864802799445943,0.030126849894291756
RK9,NHS England South West ,University Hospitals Plymouth NHS Trust,49243,0.659586134069817,0.6994797241960807,-0.0398935901262637,3.98935901262637,2-5%,-0.06052027580391928,False,0.5221452795321162,0.29374733464654873,0.07144162622098572,0.03553804601669273
